-- -------------------------------------------------------------
-- TablePlus 4.2.0(388)
--
-- https://tableplus.com/
--
-- Database: kh_online_test
-- Generation Time: 2021-10-07 02:09:04.3230
-- -------------------------------------------------------------


/*!40101 SET @OLD_CHARACTER_SET_CLIENT=@@CHARACTER_SET_CLIENT */;
/*!40101 SET @OLD_CHARACTER_SET_RESULTS=@@CHARACTER_SET_RESULTS */;
/*!40101 SET @OLD_COLLATION_CONNECTION=@@COLLATION_CONNECTION */;
/*!40101 SET NAMES utf8mb4 */;
/*!40014 SET @OLD_UNIQUE_CHECKS=@@UNIQUE_CHECKS, UNIQUE_CHECKS=0 */;
/*!40014 SET @OLD_FOREIGN_KEY_CHECKS=@@FOREIGN_KEY_CHECKS, FOREIGN_KEY_CHECKS=0 */;
/*!40101 SET @OLD_SQL_MODE=@@SQL_MODE, SQL_MODE='NO_AUTO_VALUE_ON_ZERO' */;
/*!40111 SET @OLD_SQL_NOTES=@@SQL_NOTES, SQL_NOTES=0 */;


DROP TABLE IF EXISTS `kategori`;
CREATE TABLE `kategori` (
  `id` bigint(20) NOT NULL AUTO_INCREMENT,
  `nama_kategori` varchar(30) NOT NULL,
  PRIMARY KEY (`id`)
) ENGINE=InnoDB AUTO_INCREMENT=10 DEFAULT CHARSET=utf8;

DROP TABLE IF EXISTS `photo`;
CREATE TABLE `photo` (
  `id` bigint(20) NOT NULL AUTO_INCREMENT,
  `url` varchar(255) NOT NULL,
  `id_talent` bigint(20) NOT NULL,
  PRIMARY KEY (`id`),
  KEY `id_talent` (`id_talent`),
  CONSTRAINT `photo_ibfk_1` FOREIGN KEY (`id_talent`) REFERENCES `talent` (`id`) ON DELETE CASCADE ON UPDATE CASCADE
) ENGINE=InnoDB AUTO_INCREMENT=3 DEFAULT CHARSET=utf8;

DROP TABLE IF EXISTS `talent`;
CREATE TABLE `talent` (
  `id` bigint(20) NOT NULL AUTO_INCREMENT,
  `email` varchar(100) NOT NULL,
  `phone_number` varchar(20) NOT NULL,
  `age` int(3) NOT NULL,
  `name` varchar(191) NOT NULL,
  `gender` varchar(10) NOT NULL,
  `skills` varchar(255) NOT NULL,
  `location` varchar(100) NOT NULL,
  `aboutme` text NOT NULL,
  `id_kategori` varchar(255) DEFAULT NULL,
  PRIMARY KEY (`id`)
) ENGINE=InnoDB AUTO_INCREMENT=159 DEFAULT CHARSET=utf8;

INSERT INTO `kategori` (`id`, `nama_kategori`) VALUES
(1, 'Actor & Extra'),
(2, 'Dancer'),
(3, 'Model'),
(4, 'Photographer'),
(5, 'MC / Presenter'),
(6, 'Vocalist'),
(7, 'Illustrator'),
(8, 'Content Creator'),
(9, 'Others');

INSERT INTO `photo` (`id`, `url`, `id_talent`) VALUES
(1, '/uploads/1bc6e1b4181a4ffafd8a0c17e5bfe56a.png', 157),
(2, '/uploads/a6879ee5b684e1b798203e07197e246d.png', 158);

INSERT INTO `talent` (`id`, `email`, `phone_number`, `age`, `name`, `gender`, `skills`, `location`, `aboutme`, `id_kategori`) VALUES
(3, 'jmcnirlan0@livejournal.com', '(263) 9798379', 33, 'Jim McNirlan', 'male', 'XLSTAT', '324 Packers Parkway', 'Lorem ipsum dolor sit amet consectetur adipisicing elit. Asperiores eaque harum qui numquam recusandae quia odit perspiciatis voluptates commodi, officia neque mollitia exercitationem ab dolorem veritatis deserunt porro labore laudantium. Quos repellat, porro obcaecati numquam veritatis cum alias sit dolorum officiis earum tempore in vero odio maxime ipsum praesentium voluptate? Eveniet provident amet quidem vitae quisquam ducimus assumenda repellendus nisi molestias placeat, minus voluptatibus similique alias eos natus excepturi neque tenetur mollitia harum nobis consequatur distinctio? Facere cumque fuga nostrum, fugiat ratione quo consequatur a temporibus sed impedit voluptate cupiditate ipsam, expedita exercitationem odio qui nobis voluptas eos sapiente. Magnam!', '3;2'),
(4, 'cholburn1@vkontakte.ru', '(321) 1327282', 33, 'Cornie Holburn', 'male', 'XLSTAT;CQS;HDRI', '6 Glendale Court', 'Lorem ipsum dolor sit amet consectetur adipisicing elit. Asperiores eaque harum qui numquam recusandae quia odit perspiciatis voluptates commodi, officia neque mollitia exercitationem ab dolorem veritatis deserunt porro labore laudantium. Quos repellat, porro obcaecati numquam veritatis cum alias sit dolorum officiis earum tempore in vero odio maxime ipsum praesentium voluptate? Eveniet provident amet quidem vitae quisquam ducimus assumenda repellendus nisi molestias placeat, minus voluptatibus similique alias eos natus excepturi neque tenetur mollitia harum nobis consequatur distinctio? Facere cumque fuga nostrum, fugiat ratione quo consequatur a temporibus sed impedit voluptate cupiditate ipsam, expedita exercitationem odio qui nobis voluptas eos sapiente. Magnam!', '2'),
(5, 'jhendriks2@craigslist.org', '(964) 7573198', 32, 'Jacquenette Hendriks', 'male', 'XLSTAT;CQS', '98 Memorial Alley', 'Lorem ipsum dolor sit amet consectetur adipisicing elit. Asperiores eaque harum qui numquam recusandae quia odit perspiciatis voluptates commodi, officia neque mollitia exercitationem ab dolorem veritatis deserunt porro labore laudantium. Quos repellat, porro obcaecati numquam veritatis cum alias sit dolorum officiis earum tempore in vero odio maxime ipsum praesentium voluptate? Eveniet provident amet quidem vitae quisquam ducimus assumenda repellendus nisi molestias placeat, minus voluptatibus similique alias eos natus excepturi neque tenetur mollitia harum nobis consequatur distinctio? Facere cumque fuga nostrum, fugiat ratione quo consequatur a temporibus sed impedit voluptate cupiditate ipsam, expedita exercitationem odio qui nobis voluptas eos sapiente. Magnam!', '2'),
(6, 'meastment3@biblegateway.com', '(103) 8692814', 38, 'Meir Eastment', 'male', 'XLSTAT;CQS;HDRI', '8 Homewood Lane', 'Lorem ipsum dolor sit amet consectetur adipisicing elit. Asperiores eaque harum qui numquam recusandae quia odit perspiciatis voluptates commodi, officia neque mollitia exercitationem ab dolorem veritatis deserunt porro labore laudantium. Quos repellat, porro obcaecati numquam veritatis cum alias sit dolorum officiis earum tempore in vero odio maxime ipsum praesentium voluptate? Eveniet provident amet quidem vitae quisquam ducimus assumenda repellendus nisi molestias placeat, minus voluptatibus similique alias eos natus excepturi neque tenetur mollitia harum nobis consequatur distinctio? Facere cumque fuga nostrum, fugiat ratione quo consequatur a temporibus sed impedit voluptate cupiditate ipsam, expedita exercitationem odio qui nobis voluptas eos sapiente. Magnam!', '1'),
(7, 'apavelin4@microsoft.com', '(394) 7914126', 37, 'Arte Pavelin', 'female', 'XLSTAT;CQS', '071 Roxbury Crossing', 'Lorem ipsum dolor sit amet consectetur adipisicing elit. Asperiores eaque harum qui numquam recusandae quia odit perspiciatis voluptates commodi, officia neque mollitia exercitationem ab dolorem veritatis deserunt porro labore laudantium. Quos repellat, porro obcaecati numquam veritatis cum alias sit dolorum officiis earum tempore in vero odio maxime ipsum praesentium voluptate? Eveniet provident amet quidem vitae quisquam ducimus assumenda repellendus nisi molestias placeat, minus voluptatibus similique alias eos natus excepturi neque tenetur mollitia harum nobis consequatur distinctio? Facere cumque fuga nostrum, fugiat ratione quo consequatur a temporibus sed impedit voluptate cupiditate ipsam, expedita exercitationem odio qui nobis voluptas eos sapiente. Magnam!', '8'),
(8, 'nbosenworth5@phpbb.com', '(409) 9063338', 31, 'Nesta Bosenworth', 'female', 'XLSTAT;CQS', '07262 Pankratz Street', 'Lorem ipsum dolor sit amet consectetur adipisicing elit. Asperiores eaque harum qui numquam recusandae quia odit perspiciatis voluptates commodi, officia neque mollitia exercitationem ab dolorem veritatis deserunt porro labore laudantium. Quos repellat, porro obcaecati numquam veritatis cum alias sit dolorum officiis earum tempore in vero odio maxime ipsum praesentium voluptate? Eveniet provident amet quidem vitae quisquam ducimus assumenda repellendus nisi molestias placeat, minus voluptatibus similique alias eos natus excepturi neque tenetur mollitia harum nobis consequatur distinctio? Facere cumque fuga nostrum, fugiat ratione quo consequatur a temporibus sed impedit voluptate cupiditate ipsam, expedita exercitationem odio qui nobis voluptas eos sapiente. Magnam!', '8'),
(9, 'csabben6@homestead.com', '(178) 4885463', 28, 'Chip Sabben', 'male', 'XLSTAT;CQS', '2555 Continental Crossing', 'Lorem ipsum dolor sit amet consectetur adipisicing elit. Asperiores eaque harum qui numquam recusandae quia odit perspiciatis voluptates commodi, officia neque mollitia exercitationem ab dolorem veritatis deserunt porro labore laudantium. Quos repellat, porro obcaecati numquam veritatis cum alias sit dolorum officiis earum tempore in vero odio maxime ipsum praesentium voluptate? Eveniet provident amet quidem vitae quisquam ducimus assumenda repellendus nisi molestias placeat, minus voluptatibus similique alias eos natus excepturi neque tenetur mollitia harum nobis consequatur distinctio? Facere cumque fuga nostrum, fugiat ratione quo consequatur a temporibus sed impedit voluptate cupiditate ipsam, expedita exercitationem odio qui nobis voluptas eos sapiente. Magnam!', '1'),
(10, 'odomerc7@gizmodo.com', '(174) 6753407', 28, 'Osbert Domerc', 'female', 'XLSTAT;CQS', '13 3rd Parkway', 'Lorem ipsum dolor sit amet consectetur adipisicing elit. Asperiores eaque harum qui numquam recusandae quia odit perspiciatis voluptates commodi, officia neque mollitia exercitationem ab dolorem veritatis deserunt porro labore laudantium. Quos repellat, porro obcaecati numquam veritatis cum alias sit dolorum officiis earum tempore in vero odio maxime ipsum praesentium voluptate? Eveniet provident amet quidem vitae quisquam ducimus assumenda repellendus nisi molestias placeat, minus voluptatibus similique alias eos natus excepturi neque tenetur mollitia harum nobis consequatur distinctio? Facere cumque fuga nostrum, fugiat ratione quo consequatur a temporibus sed impedit voluptate cupiditate ipsam, expedita exercitationem odio qui nobis voluptas eos sapiente. Magnam!', '4'),
(11, 'jcossar8@marriott.com', '(355) 5406820', 26, 'Julie Cossar', 'male', 'XLSTAT;CQS', '92132 Banding Alley', 'Lorem ipsum dolor sit amet consectetur adipisicing elit. Asperiores eaque harum qui numquam recusandae quia odit perspiciatis voluptates commodi, officia neque mollitia exercitationem ab dolorem veritatis deserunt porro labore laudantium. Quos repellat, porro obcaecati numquam veritatis cum alias sit dolorum officiis earum tempore in vero odio maxime ipsum praesentium voluptate? Eveniet provident amet quidem vitae quisquam ducimus assumenda repellendus nisi molestias placeat, minus voluptatibus similique alias eos natus excepturi neque tenetur mollitia harum nobis consequatur distinctio? Facere cumque fuga nostrum, fugiat ratione quo consequatur a temporibus sed impedit voluptate cupiditate ipsam, expedita exercitationem odio qui nobis voluptas eos sapiente. Magnam!', '2'),
(12, 'hcrawforthb@cyberchimps.com', '(868) 3969879', 21, 'Hubert Crawforth', 'female', 'XLSTAT;CQS;HDRI', '82604 Fisk Lane', 'Lorem ipsum dolor sit amet consectetur adipisicing elit. Asperiores eaque harum qui numquam recusandae quia odit perspiciatis voluptates commodi, officia neque mollitia exercitationem ab dolorem veritatis deserunt porro labore laudantium. Quos repellat, porro obcaecati numquam veritatis cum alias sit dolorum officiis earum tempore in vero odio maxime ipsum praesentium voluptate? Eveniet provident amet quidem vitae quisquam ducimus assumenda repellendus nisi molestias placeat, minus voluptatibus similique alias eos natus excepturi neque tenetur mollitia harum nobis consequatur distinctio? Facere cumque fuga nostrum, fugiat ratione quo consequatur a temporibus sed impedit voluptate cupiditate ipsam, expedita exercitationem odio qui nobis voluptas eos sapiente. Magnam!', '4'),
(13, 'lmaggorinic@qq.com', '(791) 9442123', 38, 'Lelia Maggorini', 'female', 'XLSTAT;CQS;HDRI', '71 Springview Parkway', 'Lorem ipsum dolor sit amet consectetur adipisicing elit. Asperiores eaque harum qui numquam recusandae quia odit perspiciatis voluptates commodi, officia neque mollitia exercitationem ab dolorem veritatis deserunt porro labore laudantium. Quos repellat, porro obcaecati numquam veritatis cum alias sit dolorum officiis earum tempore in vero odio maxime ipsum praesentium voluptate? Eveniet provident amet quidem vitae quisquam ducimus assumenda repellendus nisi molestias placeat, minus voluptatibus similique alias eos natus excepturi neque tenetur mollitia harum nobis consequatur distinctio? Facere cumque fuga nostrum, fugiat ratione quo consequatur a temporibus sed impedit voluptate cupiditate ipsam, expedita exercitationem odio qui nobis voluptas eos sapiente. Magnam!', '4'),
(14, 'cded@sina.com.cn', '(961) 2372117', 20, 'Chloette De Moreno', 'female', 'XLSTAT', '001 Kingsford Street', 'Lorem ipsum dolor sit amet consectetur adipisicing elit. Asperiores eaque harum qui numquam recusandae quia odit perspiciatis voluptates commodi, officia neque mollitia exercitationem ab dolorem veritatis deserunt porro labore laudantium. Quos repellat, porro obcaecati numquam veritatis cum alias sit dolorum officiis earum tempore in vero odio maxime ipsum praesentium voluptate? Eveniet provident amet quidem vitae quisquam ducimus assumenda repellendus nisi molestias placeat, minus voluptatibus similique alias eos natus excepturi neque tenetur mollitia harum nobis consequatur distinctio? Facere cumque fuga nostrum, fugiat ratione quo consequatur a temporibus sed impedit voluptate cupiditate ipsam, expedita exercitationem odio qui nobis voluptas eos sapiente. Magnam!', '7'),
(15, 'hfossicke@ihg.com', '(384) 5598059', 33, 'Hendrick Fossick', 'female', 'XLSTAT;CQS;HDRI', '56 Nevada Point', 'Lorem ipsum dolor sit amet consectetur adipisicing elit. Asperiores eaque harum qui numquam recusandae quia odit perspiciatis voluptates commodi, officia neque mollitia exercitationem ab dolorem veritatis deserunt porro labore laudantium. Quos repellat, porro obcaecati numquam veritatis cum alias sit dolorum officiis earum tempore in vero odio maxime ipsum praesentium voluptate? Eveniet provident amet quidem vitae quisquam ducimus assumenda repellendus nisi molestias placeat, minus voluptatibus similique alias eos natus excepturi neque tenetur mollitia harum nobis consequatur distinctio? Facere cumque fuga nostrum, fugiat ratione quo consequatur a temporibus sed impedit voluptate cupiditate ipsam, expedita exercitationem odio qui nobis voluptas eos sapiente. Magnam!', '4'),
(16, 'wtildesleyg@alibaba.com', '(219) 6861127', 25, 'Welch Tildesley', 'female', 'XLSTAT;CQS;HDRI;DCS', '02 Veith Point', 'Lorem ipsum dolor sit amet consectetur adipisicing elit. Asperiores eaque harum qui numquam recusandae quia odit perspiciatis voluptates commodi, officia neque mollitia exercitationem ab dolorem veritatis deserunt porro labore laudantium. Quos repellat, porro obcaecati numquam veritatis cum alias sit dolorum officiis earum tempore in vero odio maxime ipsum praesentium voluptate? Eveniet provident amet quidem vitae quisquam ducimus assumenda repellendus nisi molestias placeat, minus voluptatibus similique alias eos natus excepturi neque tenetur mollitia harum nobis consequatur distinctio? Facere cumque fuga nostrum, fugiat ratione quo consequatur a temporibus sed impedit voluptate cupiditate ipsam, expedita exercitationem odio qui nobis voluptas eos sapiente. Magnam!', '7'),
(17, 'abilbieh@nba.com', '(309) 2540855', 22, 'Amii Bilbie', 'male', 'XLSTAT', '35051 Redwing Pass', 'Lorem ipsum dolor sit amet consectetur adipisicing elit. Asperiores eaque harum qui numquam recusandae quia odit perspiciatis voluptates commodi, officia neque mollitia exercitationem ab dolorem veritatis deserunt porro labore laudantium. Quos repellat, porro obcaecati numquam veritatis cum alias sit dolorum officiis earum tempore in vero odio maxime ipsum praesentium voluptate? Eveniet provident amet quidem vitae quisquam ducimus assumenda repellendus nisi molestias placeat, minus voluptatibus similique alias eos natus excepturi neque tenetur mollitia harum nobis consequatur distinctio? Facere cumque fuga nostrum, fugiat ratione quo consequatur a temporibus sed impedit voluptate cupiditate ipsam, expedita exercitationem odio qui nobis voluptas eos sapiente. Magnam!', '7'),
(18, 'sbulbeckj@cbc.ca', '(606) 9777515', 20, 'Stepha Bulbeck', 'male', 'XLSTAT;CQS', '8 Lakeland Terrace', 'Lorem ipsum dolor sit amet consectetur adipisicing elit. Asperiores eaque harum qui numquam recusandae quia odit perspiciatis voluptates commodi, officia neque mollitia exercitationem ab dolorem veritatis deserunt porro labore laudantium. Quos repellat, porro obcaecati numquam veritatis cum alias sit dolorum officiis earum tempore in vero odio maxime ipsum praesentium voluptate? Eveniet provident amet quidem vitae quisquam ducimus assumenda repellendus nisi molestias placeat, minus voluptatibus similique alias eos natus excepturi neque tenetur mollitia harum nobis consequatur distinctio? Facere cumque fuga nostrum, fugiat ratione quo consequatur a temporibus sed impedit voluptate cupiditate ipsam, expedita exercitationem odio qui nobis voluptas eos sapiente. Magnam!', '3'),
(19, 'ihurdidgem@domainmarket.com', '(728) 9198304', 32, 'Isador Hurdidge', 'female', 'XLSTAT;CQS;HDRI;DCS', '75 Quincy Hill', 'Lorem ipsum dolor sit amet consectetur adipisicing elit. Asperiores eaque harum qui numquam recusandae quia odit perspiciatis voluptates commodi, officia neque mollitia exercitationem ab dolorem veritatis deserunt porro labore laudantium. Quos repellat, porro obcaecati numquam veritatis cum alias sit dolorum officiis earum tempore in vero odio maxime ipsum praesentium voluptate? Eveniet provident amet quidem vitae quisquam ducimus assumenda repellendus nisi molestias placeat, minus voluptatibus similique alias eos natus excepturi neque tenetur mollitia harum nobis consequatur distinctio? Facere cumque fuga nostrum, fugiat ratione quo consequatur a temporibus sed impedit voluptate cupiditate ipsam, expedita exercitationem odio qui nobis voluptas eos sapiente. Magnam!', '4'),
(20, 'krenfreen@wordpress.com', '(622) 4707636', 23, 'Kellen Renfree', 'male', 'XLSTAT', '12 Mallard Alley', 'Lorem ipsum dolor sit amet consectetur adipisicing elit. Asperiores eaque harum qui numquam recusandae quia odit perspiciatis voluptates commodi, officia neque mollitia exercitationem ab dolorem veritatis deserunt porro labore laudantium. Quos repellat, porro obcaecati numquam veritatis cum alias sit dolorum officiis earum tempore in vero odio maxime ipsum praesentium voluptate? Eveniet provident amet quidem vitae quisquam ducimus assumenda repellendus nisi molestias placeat, minus voluptatibus similique alias eos natus excepturi neque tenetur mollitia harum nobis consequatur distinctio? Facere cumque fuga nostrum, fugiat ratione quo consequatur a temporibus sed impedit voluptate cupiditate ipsam, expedita exercitationem odio qui nobis voluptas eos sapiente. Magnam!', '8'),
(21, 'dbangheo@networkadvertising.org', '(455) 6306501', 33, 'Doloritas Banghe', 'male', 'XLSTAT', '5570 Cordelia Lane', 'Lorem ipsum dolor sit amet consectetur adipisicing elit. Asperiores eaque harum qui numquam recusandae quia odit perspiciatis voluptates commodi, officia neque mollitia exercitationem ab dolorem veritatis deserunt porro labore laudantium. Quos repellat, porro obcaecati numquam veritatis cum alias sit dolorum officiis earum tempore in vero odio maxime ipsum praesentium voluptate? Eveniet provident amet quidem vitae quisquam ducimus assumenda repellendus nisi molestias placeat, minus voluptatibus similique alias eos natus excepturi neque tenetur mollitia harum nobis consequatur distinctio? Facere cumque fuga nostrum, fugiat ratione quo consequatur a temporibus sed impedit voluptate cupiditate ipsam, expedita exercitationem odio qui nobis voluptas eos sapiente. Magnam!', '4'),
(22, 'ckyrkemanq@deliciousdays.com', '(417) 9696546', 31, 'Carmencita Kyrkeman', 'female', 'XLSTAT;CQS;HDRI', '21324 Carberry Point', 'Lorem ipsum dolor sit amet consectetur adipisicing elit. Asperiores eaque harum qui numquam recusandae quia odit perspiciatis voluptates commodi, officia neque mollitia exercitationem ab dolorem veritatis deserunt porro labore laudantium. Quos repellat, porro obcaecati numquam veritatis cum alias sit dolorum officiis earum tempore in vero odio maxime ipsum praesentium voluptate? Eveniet provident amet quidem vitae quisquam ducimus assumenda repellendus nisi molestias placeat, minus voluptatibus similique alias eos natus excepturi neque tenetur mollitia harum nobis consequatur distinctio? Facere cumque fuga nostrum, fugiat ratione quo consequatur a temporibus sed impedit voluptate cupiditate ipsam, expedita exercitationem odio qui nobis voluptas eos sapiente. Magnam!', '1'),
(23, 'efinnimorer@hexun.com', '(528) 5408911', 31, 'Elladine Finnimore', 'male', 'XLSTAT', '4 Lake View Circle', 'Lorem ipsum dolor sit amet consectetur adipisicing elit. Asperiores eaque harum qui numquam recusandae quia odit perspiciatis voluptates commodi, officia neque mollitia exercitationem ab dolorem veritatis deserunt porro labore laudantium. Quos repellat, porro obcaecati numquam veritatis cum alias sit dolorum officiis earum tempore in vero odio maxime ipsum praesentium voluptate? Eveniet provident amet quidem vitae quisquam ducimus assumenda repellendus nisi molestias placeat, minus voluptatibus similique alias eos natus excepturi neque tenetur mollitia harum nobis consequatur distinctio? Facere cumque fuga nostrum, fugiat ratione quo consequatur a temporibus sed impedit voluptate cupiditate ipsam, expedita exercitationem odio qui nobis voluptas eos sapiente. Magnam!', '3'),
(24, 'dfaddens@dropbox.com', '(787) 8982689', 40, 'Doloritas Fadden', 'female', 'XLSTAT;CQS;HDRI;DCS', '33 Caliangt Terrace', 'Lorem ipsum dolor sit amet consectetur adipisicing elit. Asperiores eaque harum qui numquam recusandae quia odit perspiciatis voluptates commodi, officia neque mollitia exercitationem ab dolorem veritatis deserunt porro labore laudantium. Quos repellat, porro obcaecati numquam veritatis cum alias sit dolorum officiis earum tempore in vero odio maxime ipsum praesentium voluptate? Eveniet provident amet quidem vitae quisquam ducimus assumenda repellendus nisi molestias placeat, minus voluptatibus similique alias eos natus excepturi neque tenetur mollitia harum nobis consequatur distinctio? Facere cumque fuga nostrum, fugiat ratione quo consequatur a temporibus sed impedit voluptate cupiditate ipsam, expedita exercitationem odio qui nobis voluptas eos sapiente. Magnam!', '1'),
(25, 'hcranneyt@yelp.com', '(420) 9360364', 22, 'Ham Cranney', 'male', 'XLSTAT;CQS;HDRI;DCS', '6 Carpenter Drive', 'Lorem ipsum dolor sit amet consectetur adipisicing elit. Asperiores eaque harum qui numquam recusandae quia odit perspiciatis voluptates commodi, officia neque mollitia exercitationem ab dolorem veritatis deserunt porro labore laudantium. Quos repellat, porro obcaecati numquam veritatis cum alias sit dolorum officiis earum tempore in vero odio maxime ipsum praesentium voluptate? Eveniet provident amet quidem vitae quisquam ducimus assumenda repellendus nisi molestias placeat, minus voluptatibus similique alias eos natus excepturi neque tenetur mollitia harum nobis consequatur distinctio? Facere cumque fuga nostrum, fugiat ratione quo consequatur a temporibus sed impedit voluptate cupiditate ipsam, expedita exercitationem odio qui nobis voluptas eos sapiente. Magnam!', '4'),
(26, 'bglazzardu@washington.edu', '(186) 8889304', 25, 'Bobby Glazzard', 'male', 'XLSTAT;CQS;HDRI', '275 Monument Park', 'Lorem ipsum dolor sit amet consectetur adipisicing elit. Asperiores eaque harum qui numquam recusandae quia odit perspiciatis voluptates commodi, officia neque mollitia exercitationem ab dolorem veritatis deserunt porro labore laudantium. Quos repellat, porro obcaecati numquam veritatis cum alias sit dolorum officiis earum tempore in vero odio maxime ipsum praesentium voluptate? Eveniet provident amet quidem vitae quisquam ducimus assumenda repellendus nisi molestias placeat, minus voluptatibus similique alias eos natus excepturi neque tenetur mollitia harum nobis consequatur distinctio? Facere cumque fuga nostrum, fugiat ratione quo consequatur a temporibus sed impedit voluptate cupiditate ipsam, expedita exercitationem odio qui nobis voluptas eos sapiente. Magnam!', '8'),
(27, 'bkropv@google.com.br', '(785) 1010166', 38, 'Boy Krop', 'male', 'XLSTAT;CQS;HDRI', '87456 Charing Cross Hill', 'Lorem ipsum dolor sit amet consectetur adipisicing elit. Asperiores eaque harum qui numquam recusandae quia odit perspiciatis voluptates commodi, officia neque mollitia exercitationem ab dolorem veritatis deserunt porro labore laudantium. Quos repellat, porro obcaecati numquam veritatis cum alias sit dolorum officiis earum tempore in vero odio maxime ipsum praesentium voluptate? Eveniet provident amet quidem vitae quisquam ducimus assumenda repellendus nisi molestias placeat, minus voluptatibus similique alias eos natus excepturi neque tenetur mollitia harum nobis consequatur distinctio? Facere cumque fuga nostrum, fugiat ratione quo consequatur a temporibus sed impedit voluptate cupiditate ipsam, expedita exercitationem odio qui nobis voluptas eos sapiente. Magnam!', '2'),
(28, 'eglaviasx@ebay.com', '(307) 9284327', 32, 'Evvie Glavias', 'female', 'XLSTAT;CQS;HDRI;DCS', '83936 Almo Plaza', 'Lorem ipsum dolor sit amet consectetur adipisicing elit. Asperiores eaque harum qui numquam recusandae quia odit perspiciatis voluptates commodi, officia neque mollitia exercitationem ab dolorem veritatis deserunt porro labore laudantium. Quos repellat, porro obcaecati numquam veritatis cum alias sit dolorum officiis earum tempore in vero odio maxime ipsum praesentium voluptate? Eveniet provident amet quidem vitae quisquam ducimus assumenda repellendus nisi molestias placeat, minus voluptatibus similique alias eos natus excepturi neque tenetur mollitia harum nobis consequatur distinctio? Facere cumque fuga nostrum, fugiat ratione quo consequatur a temporibus sed impedit voluptate cupiditate ipsam, expedita exercitationem odio qui nobis voluptas eos sapiente. Magnam!', '5'),
(29, 'ehyndez@accuweather.com', '(239) 1931637', 24, 'Ermina Hynde', 'female', 'XLSTAT;CQS', '2922 Esch Road', 'Lorem ipsum dolor sit amet consectetur adipisicing elit. Asperiores eaque harum qui numquam recusandae quia odit perspiciatis voluptates commodi, officia neque mollitia exercitationem ab dolorem veritatis deserunt porro labore laudantium. Quos repellat, porro obcaecati numquam veritatis cum alias sit dolorum officiis earum tempore in vero odio maxime ipsum praesentium voluptate? Eveniet provident amet quidem vitae quisquam ducimus assumenda repellendus nisi molestias placeat, minus voluptatibus similique alias eos natus excepturi neque tenetur mollitia harum nobis consequatur distinctio? Facere cumque fuga nostrum, fugiat ratione quo consequatur a temporibus sed impedit voluptate cupiditate ipsam, expedita exercitationem odio qui nobis voluptas eos sapiente. Magnam!', '6'),
(30, 'ueborall10@squidoo.com', '(253) 9958496', 31, 'Ulick Eborall', 'female', 'XLSTAT;CQS', '3303 Hagan Street', 'Lorem ipsum dolor sit amet consectetur adipisicing elit. Asperiores eaque harum qui numquam recusandae quia odit perspiciatis voluptates commodi, officia neque mollitia exercitationem ab dolorem veritatis deserunt porro labore laudantium. Quos repellat, porro obcaecati numquam veritatis cum alias sit dolorum officiis earum tempore in vero odio maxime ipsum praesentium voluptate? Eveniet provident amet quidem vitae quisquam ducimus assumenda repellendus nisi molestias placeat, minus voluptatibus similique alias eos natus excepturi neque tenetur mollitia harum nobis consequatur distinctio? Facere cumque fuga nostrum, fugiat ratione quo consequatur a temporibus sed impedit voluptate cupiditate ipsam, expedita exercitationem odio qui nobis voluptas eos sapiente. Magnam!', '7'),
(31, 'aliepina12@shinystat.com', '(632) 1483045', 32, 'Annamarie Liepina', 'male', 'XLSTAT', '267 Havey Terrace', 'Lorem ipsum dolor sit amet consectetur adipisicing elit. Asperiores eaque harum qui numquam recusandae quia odit perspiciatis voluptates commodi, officia neque mollitia exercitationem ab dolorem veritatis deserunt porro labore laudantium. Quos repellat, porro obcaecati numquam veritatis cum alias sit dolorum officiis earum tempore in vero odio maxime ipsum praesentium voluptate? Eveniet provident amet quidem vitae quisquam ducimus assumenda repellendus nisi molestias placeat, minus voluptatibus similique alias eos natus excepturi neque tenetur mollitia harum nobis consequatur distinctio? Facere cumque fuga nostrum, fugiat ratione quo consequatur a temporibus sed impedit voluptate cupiditate ipsam, expedita exercitationem odio qui nobis voluptas eos sapiente. Magnam!', '9'),
(32, 'jsidwell13@thetimes.co.uk', '(640) 9025280', 38, 'Jacquelyn Sidwell', 'male', 'XLSTAT;CQS', '0705 Dakota Place', 'Lorem ipsum dolor sit amet consectetur adipisicing elit. Asperiores eaque harum qui numquam recusandae quia odit perspiciatis voluptates commodi, officia neque mollitia exercitationem ab dolorem veritatis deserunt porro labore laudantium. Quos repellat, porro obcaecati numquam veritatis cum alias sit dolorum officiis earum tempore in vero odio maxime ipsum praesentium voluptate? Eveniet provident amet quidem vitae quisquam ducimus assumenda repellendus nisi molestias placeat, minus voluptatibus similique alias eos natus excepturi neque tenetur mollitia harum nobis consequatur distinctio? Facere cumque fuga nostrum, fugiat ratione quo consequatur a temporibus sed impedit voluptate cupiditate ipsam, expedita exercitationem odio qui nobis voluptas eos sapiente. Magnam!', '6'),
(33, 'dwrightham15@typepad.com', '(657) 1690732', 35, 'Dominique Wrightham', 'male', 'XLSTAT;CQS;HDRI', '42 Sundown Parkway', 'Lorem ipsum dolor sit amet consectetur adipisicing elit. Asperiores eaque harum qui numquam recusandae quia odit perspiciatis voluptates commodi, officia neque mollitia exercitationem ab dolorem veritatis deserunt porro labore laudantium. Quos repellat, porro obcaecati numquam veritatis cum alias sit dolorum officiis earum tempore in vero odio maxime ipsum praesentium voluptate? Eveniet provident amet quidem vitae quisquam ducimus assumenda repellendus nisi molestias placeat, minus voluptatibus similique alias eos natus excepturi neque tenetur mollitia harum nobis consequatur distinctio? Facere cumque fuga nostrum, fugiat ratione quo consequatur a temporibus sed impedit voluptate cupiditate ipsam, expedita exercitationem odio qui nobis voluptas eos sapiente. Magnam!', '9'),
(34, 'tchampe17@webeden.co.uk', '(124) 9393750', 20, 'Tann Champe', 'female', 'XLSTAT;CQS;HDRI;DCS', '5463 Memorial Pass', 'Lorem ipsum dolor sit amet consectetur adipisicing elit. Asperiores eaque harum qui numquam recusandae quia odit perspiciatis voluptates commodi, officia neque mollitia exercitationem ab dolorem veritatis deserunt porro labore laudantium. Quos repellat, porro obcaecati numquam veritatis cum alias sit dolorum officiis earum tempore in vero odio maxime ipsum praesentium voluptate? Eveniet provident amet quidem vitae quisquam ducimus assumenda repellendus nisi molestias placeat, minus voluptatibus similique alias eos natus excepturi neque tenetur mollitia harum nobis consequatur distinctio? Facere cumque fuga nostrum, fugiat ratione quo consequatur a temporibus sed impedit voluptate cupiditate ipsam, expedita exercitationem odio qui nobis voluptas eos sapiente. Magnam!', '7'),
(35, 'asime1a@google.co.uk', '(473) 5022903', 27, 'Aldon Sime', 'male', 'XLSTAT;CQS', '953 Bellgrove Plaza', 'Lorem ipsum dolor sit amet consectetur adipisicing elit. Asperiores eaque harum qui numquam recusandae quia odit perspiciatis voluptates commodi, officia neque mollitia exercitationem ab dolorem veritatis deserunt porro labore laudantium. Quos repellat, porro obcaecati numquam veritatis cum alias sit dolorum officiis earum tempore in vero odio maxime ipsum praesentium voluptate? Eveniet provident amet quidem vitae quisquam ducimus assumenda repellendus nisi molestias placeat, minus voluptatibus similique alias eos natus excepturi neque tenetur mollitia harum nobis consequatur distinctio? Facere cumque fuga nostrum, fugiat ratione quo consequatur a temporibus sed impedit voluptate cupiditate ipsam, expedita exercitationem odio qui nobis voluptas eos sapiente. Magnam!', '2'),
(36, 'ebrayley1b@fastcompany.com', '(590) 5310031', 21, 'Evangelin Brayley', 'female', 'XLSTAT;CQS;HDRI', '7465 Brentwood Place', 'Lorem ipsum dolor sit amet consectetur adipisicing elit. Asperiores eaque harum qui numquam recusandae quia odit perspiciatis voluptates commodi, officia neque mollitia exercitationem ab dolorem veritatis deserunt porro labore laudantium. Quos repellat, porro obcaecati numquam veritatis cum alias sit dolorum officiis earum tempore in vero odio maxime ipsum praesentium voluptate? Eveniet provident amet quidem vitae quisquam ducimus assumenda repellendus nisi molestias placeat, minus voluptatibus similique alias eos natus excepturi neque tenetur mollitia harum nobis consequatur distinctio? Facere cumque fuga nostrum, fugiat ratione quo consequatur a temporibus sed impedit voluptate cupiditate ipsam, expedita exercitationem odio qui nobis voluptas eos sapiente. Magnam!', '7'),
(37, 'ndainty1c@wisc.edu', '(754) 2011430', 32, 'Nixie Dainty', 'female', 'XLSTAT', '3 Rowland Place', 'Lorem ipsum dolor sit amet consectetur adipisicing elit. Asperiores eaque harum qui numquam recusandae quia odit perspiciatis voluptates commodi, officia neque mollitia exercitationem ab dolorem veritatis deserunt porro labore laudantium. Quos repellat, porro obcaecati numquam veritatis cum alias sit dolorum officiis earum tempore in vero odio maxime ipsum praesentium voluptate? Eveniet provident amet quidem vitae quisquam ducimus assumenda repellendus nisi molestias placeat, minus voluptatibus similique alias eos natus excepturi neque tenetur mollitia harum nobis consequatur distinctio? Facere cumque fuga nostrum, fugiat ratione quo consequatur a temporibus sed impedit voluptate cupiditate ipsam, expedita exercitationem odio qui nobis voluptas eos sapiente. Magnam!', '7'),
(38, 'fclerc1d@opera.com', '(265) 9789733', 22, 'Flynn Clerc', 'male', 'XLSTAT;CQS', '039 Kipling Lane', 'Lorem ipsum dolor sit amet consectetur adipisicing elit. Asperiores eaque harum qui numquam recusandae quia odit perspiciatis voluptates commodi, officia neque mollitia exercitationem ab dolorem veritatis deserunt porro labore laudantium. Quos repellat, porro obcaecati numquam veritatis cum alias sit dolorum officiis earum tempore in vero odio maxime ipsum praesentium voluptate? Eveniet provident amet quidem vitae quisquam ducimus assumenda repellendus nisi molestias placeat, minus voluptatibus similique alias eos natus excepturi neque tenetur mollitia harum nobis consequatur distinctio? Facere cumque fuga nostrum, fugiat ratione quo consequatur a temporibus sed impedit voluptate cupiditate ipsam, expedita exercitationem odio qui nobis voluptas eos sapiente. Magnam!', '7'),
(39, 'boliverpaull1e@over-blog.com', '(273) 3354923', 26, 'Bobby Oliver-Paull', 'female', 'XLSTAT;CQS;HDRI', '713 Scoville Circle', 'Lorem ipsum dolor sit amet consectetur adipisicing elit. Asperiores eaque harum qui numquam recusandae quia odit perspiciatis voluptates commodi, officia neque mollitia exercitationem ab dolorem veritatis deserunt porro labore laudantium. Quos repellat, porro obcaecati numquam veritatis cum alias sit dolorum officiis earum tempore in vero odio maxime ipsum praesentium voluptate? Eveniet provident amet quidem vitae quisquam ducimus assumenda repellendus nisi molestias placeat, minus voluptatibus similique alias eos natus excepturi neque tenetur mollitia harum nobis consequatur distinctio? Facere cumque fuga nostrum, fugiat ratione quo consequatur a temporibus sed impedit voluptate cupiditate ipsam, expedita exercitationem odio qui nobis voluptas eos sapiente. Magnam!', '5'),
(40, 'tmacgorman1f@examiner.com', '(779) 1065977', 37, 'Tess MacGorman', 'male', 'XLSTAT;CQS;HDRI', '796 Gale Circle', 'Lorem ipsum dolor sit amet consectetur adipisicing elit. Asperiores eaque harum qui numquam recusandae quia odit perspiciatis voluptates commodi, officia neque mollitia exercitationem ab dolorem veritatis deserunt porro labore laudantium. Quos repellat, porro obcaecati numquam veritatis cum alias sit dolorum officiis earum tempore in vero odio maxime ipsum praesentium voluptate? Eveniet provident amet quidem vitae quisquam ducimus assumenda repellendus nisi molestias placeat, minus voluptatibus similique alias eos natus excepturi neque tenetur mollitia harum nobis consequatur distinctio? Facere cumque fuga nostrum, fugiat ratione quo consequatur a temporibus sed impedit voluptate cupiditate ipsam, expedita exercitationem odio qui nobis voluptas eos sapiente. Magnam!', '4'),
(41, 'msabater1g@cargocollective.com', '(286) 2481595', 36, 'Moria Sabater', 'female', 'XLSTAT;CQS;HDRI;DCS', '72039 Thackeray Street', 'Lorem ipsum dolor sit amet consectetur adipisicing elit. Asperiores eaque harum qui numquam recusandae quia odit perspiciatis voluptates commodi, officia neque mollitia exercitationem ab dolorem veritatis deserunt porro labore laudantium. Quos repellat, porro obcaecati numquam veritatis cum alias sit dolorum officiis earum tempore in vero odio maxime ipsum praesentium voluptate? Eveniet provident amet quidem vitae quisquam ducimus assumenda repellendus nisi molestias placeat, minus voluptatibus similique alias eos natus excepturi neque tenetur mollitia harum nobis consequatur distinctio? Facere cumque fuga nostrum, fugiat ratione quo consequatur a temporibus sed impedit voluptate cupiditate ipsam, expedita exercitationem odio qui nobis voluptas eos sapiente. Magnam!', '6'),
(42, 'abierman1h@biglobe.ne.jp', '(709) 8596447', 27, 'Anne-marie Bierman', 'male', 'XLSTAT', '33 Sunfield Point', 'Lorem ipsum dolor sit amet consectetur adipisicing elit. Asperiores eaque harum qui numquam recusandae quia odit perspiciatis voluptates commodi, officia neque mollitia exercitationem ab dolorem veritatis deserunt porro labore laudantium. Quos repellat, porro obcaecati numquam veritatis cum alias sit dolorum officiis earum tempore in vero odio maxime ipsum praesentium voluptate? Eveniet provident amet quidem vitae quisquam ducimus assumenda repellendus nisi molestias placeat, minus voluptatibus similique alias eos natus excepturi neque tenetur mollitia harum nobis consequatur distinctio? Facere cumque fuga nostrum, fugiat ratione quo consequatur a temporibus sed impedit voluptate cupiditate ipsam, expedita exercitationem odio qui nobis voluptas eos sapiente. Magnam!', '5'),
(43, 'scrollman1i@symantec.com', '(200) 6633373', 37, 'Sawyere Crollman', 'male', 'XLSTAT', '534 Fuller Place', 'Lorem ipsum dolor sit amet consectetur adipisicing elit. Asperiores eaque harum qui numquam recusandae quia odit perspiciatis voluptates commodi, officia neque mollitia exercitationem ab dolorem veritatis deserunt porro labore laudantium. Quos repellat, porro obcaecati numquam veritatis cum alias sit dolorum officiis earum tempore in vero odio maxime ipsum praesentium voluptate? Eveniet provident amet quidem vitae quisquam ducimus assumenda repellendus nisi molestias placeat, minus voluptatibus similique alias eos natus excepturi neque tenetur mollitia harum nobis consequatur distinctio? Facere cumque fuga nostrum, fugiat ratione quo consequatur a temporibus sed impedit voluptate cupiditate ipsam, expedita exercitationem odio qui nobis voluptas eos sapiente. Magnam!', '9'),
(44, 'wfinlayson1m@illinois.edu', '(958) 3976049', 31, 'Werner Finlayson', 'female', 'XLSTAT;CQS', '1570 Little Fleur Point', 'Lorem ipsum dolor sit amet consectetur adipisicing elit. Asperiores eaque harum qui numquam recusandae quia odit perspiciatis voluptates commodi, officia neque mollitia exercitationem ab dolorem veritatis deserunt porro labore laudantium. Quos repellat, porro obcaecati numquam veritatis cum alias sit dolorum officiis earum tempore in vero odio maxime ipsum praesentium voluptate? Eveniet provident amet quidem vitae quisquam ducimus assumenda repellendus nisi molestias placeat, minus voluptatibus similique alias eos natus excepturi neque tenetur mollitia harum nobis consequatur distinctio? Facere cumque fuga nostrum, fugiat ratione quo consequatur a temporibus sed impedit voluptate cupiditate ipsam, expedita exercitationem odio qui nobis voluptas eos sapiente. Magnam!', '3'),
(45, 'aroelvink1o@irs.gov', '(362) 1633117', 26, 'Aeriel Roelvink', 'female', 'XLSTAT;CQS;HDRI;DCS', '483 Warbler Way', 'Lorem ipsum dolor sit amet consectetur adipisicing elit. Asperiores eaque harum qui numquam recusandae quia odit perspiciatis voluptates commodi, officia neque mollitia exercitationem ab dolorem veritatis deserunt porro labore laudantium. Quos repellat, porro obcaecati numquam veritatis cum alias sit dolorum officiis earum tempore in vero odio maxime ipsum praesentium voluptate? Eveniet provident amet quidem vitae quisquam ducimus assumenda repellendus nisi molestias placeat, minus voluptatibus similique alias eos natus excepturi neque tenetur mollitia harum nobis consequatur distinctio? Facere cumque fuga nostrum, fugiat ratione quo consequatur a temporibus sed impedit voluptate cupiditate ipsam, expedita exercitationem odio qui nobis voluptas eos sapiente. Magnam!', '5'),
(46, 'jjedrzaszkiewicz1p@va.gov', '(640) 2362164', 39, 'Johnette Jedrzaszkiewicz', 'female', 'XLSTAT;CQS;HDRI', '05418 Sunbrook Place', 'Lorem ipsum dolor sit amet consectetur adipisicing elit. Asperiores eaque harum qui numquam recusandae quia odit perspiciatis voluptates commodi, officia neque mollitia exercitationem ab dolorem veritatis deserunt porro labore laudantium. Quos repellat, porro obcaecati numquam veritatis cum alias sit dolorum officiis earum tempore in vero odio maxime ipsum praesentium voluptate? Eveniet provident amet quidem vitae quisquam ducimus assumenda repellendus nisi molestias placeat, minus voluptatibus similique alias eos natus excepturi neque tenetur mollitia harum nobis consequatur distinctio? Facere cumque fuga nostrum, fugiat ratione quo consequatur a temporibus sed impedit voluptate cupiditate ipsam, expedita exercitationem odio qui nobis voluptas eos sapiente. Magnam!', '6'),
(47, 'dwingar1q@elpais.com', '(810) 1555420', 28, 'Domenico Wingar', 'male', 'XLSTAT;CQS;HDRI', '3 Lindbergh Hill', 'Lorem ipsum dolor sit amet consectetur adipisicing elit. Asperiores eaque harum qui numquam recusandae quia odit perspiciatis voluptates commodi, officia neque mollitia exercitationem ab dolorem veritatis deserunt porro labore laudantium. Quos repellat, porro obcaecati numquam veritatis cum alias sit dolorum officiis earum tempore in vero odio maxime ipsum praesentium voluptate? Eveniet provident amet quidem vitae quisquam ducimus assumenda repellendus nisi molestias placeat, minus voluptatibus similique alias eos natus excepturi neque tenetur mollitia harum nobis consequatur distinctio? Facere cumque fuga nostrum, fugiat ratione quo consequatur a temporibus sed impedit voluptate cupiditate ipsam, expedita exercitationem odio qui nobis voluptas eos sapiente. Magnam!', '6'),
(48, 'ppierri1r@elegantthemes.com', '(197) 9960402', 37, 'Pebrook Pierri', 'female', 'XLSTAT;CQS', '1045 Welch Hill', 'Lorem ipsum dolor sit amet consectetur adipisicing elit. Asperiores eaque harum qui numquam recusandae quia odit perspiciatis voluptates commodi, officia neque mollitia exercitationem ab dolorem veritatis deserunt porro labore laudantium. Quos repellat, porro obcaecati numquam veritatis cum alias sit dolorum officiis earum tempore in vero odio maxime ipsum praesentium voluptate? Eveniet provident amet quidem vitae quisquam ducimus assumenda repellendus nisi molestias placeat, minus voluptatibus similique alias eos natus excepturi neque tenetur mollitia harum nobis consequatur distinctio? Facere cumque fuga nostrum, fugiat ratione quo consequatur a temporibus sed impedit voluptate cupiditate ipsam, expedita exercitationem odio qui nobis voluptas eos sapiente. Magnam!', '2'),
(49, 'cpywell1s@cmu.edu', '(294) 2518035', 34, 'Clevey Pywell', 'male', 'XLSTAT;CQS', '0929 Del Sol Alley', 'Lorem ipsum dolor sit amet consectetur adipisicing elit. Asperiores eaque harum qui numquam recusandae quia odit perspiciatis voluptates commodi, officia neque mollitia exercitationem ab dolorem veritatis deserunt porro labore laudantium. Quos repellat, porro obcaecati numquam veritatis cum alias sit dolorum officiis earum tempore in vero odio maxime ipsum praesentium voluptate? Eveniet provident amet quidem vitae quisquam ducimus assumenda repellendus nisi molestias placeat, minus voluptatibus similique alias eos natus excepturi neque tenetur mollitia harum nobis consequatur distinctio? Facere cumque fuga nostrum, fugiat ratione quo consequatur a temporibus sed impedit voluptate cupiditate ipsam, expedita exercitationem odio qui nobis voluptas eos sapiente. Magnam!', '2'),
(50, 'lkilty1t@51.la', '(202) 4496261', 20, 'Lissa Kilty', 'female', 'XLSTAT', '18372 Welch Road', 'Lorem ipsum dolor sit amet consectetur adipisicing elit. Asperiores eaque harum qui numquam recusandae quia odit perspiciatis voluptates commodi, officia neque mollitia exercitationem ab dolorem veritatis deserunt porro labore laudantium. Quos repellat, porro obcaecati numquam veritatis cum alias sit dolorum officiis earum tempore in vero odio maxime ipsum praesentium voluptate? Eveniet provident amet quidem vitae quisquam ducimus assumenda repellendus nisi molestias placeat, minus voluptatibus similique alias eos natus excepturi neque tenetur mollitia harum nobis consequatur distinctio? Facere cumque fuga nostrum, fugiat ratione quo consequatur a temporibus sed impedit voluptate cupiditate ipsam, expedita exercitationem odio qui nobis voluptas eos sapiente. Magnam!', '3'),
(51, 'bgeator1u@house.gov', '(224) 6776911', 29, 'Bentley Geator', 'female', 'XLSTAT;CQS;HDRI', '449 Delladonna Parkway', 'Lorem ipsum dolor sit amet consectetur adipisicing elit. Asperiores eaque harum qui numquam recusandae quia odit perspiciatis voluptates commodi, officia neque mollitia exercitationem ab dolorem veritatis deserunt porro labore laudantium. Quos repellat, porro obcaecati numquam veritatis cum alias sit dolorum officiis earum tempore in vero odio maxime ipsum praesentium voluptate? Eveniet provident amet quidem vitae quisquam ducimus assumenda repellendus nisi molestias placeat, minus voluptatibus similique alias eos natus excepturi neque tenetur mollitia harum nobis consequatur distinctio? Facere cumque fuga nostrum, fugiat ratione quo consequatur a temporibus sed impedit voluptate cupiditate ipsam, expedita exercitationem odio qui nobis voluptas eos sapiente. Magnam!', '8'),
(52, 'cthoma1v@bing.com', '(598) 8516668', 21, 'Courtnay Thoma', 'female', 'XLSTAT;CQS;HDRI;DCS', '82 Clarendon Road', 'Lorem ipsum dolor sit amet consectetur adipisicing elit. Asperiores eaque harum qui numquam recusandae quia odit perspiciatis voluptates commodi, officia neque mollitia exercitationem ab dolorem veritatis deserunt porro labore laudantium. Quos repellat, porro obcaecati numquam veritatis cum alias sit dolorum officiis earum tempore in vero odio maxime ipsum praesentium voluptate? Eveniet provident amet quidem vitae quisquam ducimus assumenda repellendus nisi molestias placeat, minus voluptatibus similique alias eos natus excepturi neque tenetur mollitia harum nobis consequatur distinctio? Facere cumque fuga nostrum, fugiat ratione quo consequatur a temporibus sed impedit voluptate cupiditate ipsam, expedita exercitationem odio qui nobis voluptas eos sapiente. Magnam!', '3'),
(53, 'mmazey1w@free.fr', '(326) 5902162', 36, 'Marne Mazey', 'male', 'XLSTAT', '4203 Porter Point', 'Lorem ipsum dolor sit amet consectetur adipisicing elit. Asperiores eaque harum qui numquam recusandae quia odit perspiciatis voluptates commodi, officia neque mollitia exercitationem ab dolorem veritatis deserunt porro labore laudantium. Quos repellat, porro obcaecati numquam veritatis cum alias sit dolorum officiis earum tempore in vero odio maxime ipsum praesentium voluptate? Eveniet provident amet quidem vitae quisquam ducimus assumenda repellendus nisi molestias placeat, minus voluptatibus similique alias eos natus excepturi neque tenetur mollitia harum nobis consequatur distinctio? Facere cumque fuga nostrum, fugiat ratione quo consequatur a temporibus sed impedit voluptate cupiditate ipsam, expedita exercitationem odio qui nobis voluptas eos sapiente. Magnam!', '9'),
(54, 'hfitchew1x@npr.org', '(357) 6059864', 33, 'Humfrid Fitchew', 'female', 'XLSTAT;CQS', '99 North Point', 'Lorem ipsum dolor sit amet consectetur adipisicing elit. Asperiores eaque harum qui numquam recusandae quia odit perspiciatis voluptates commodi, officia neque mollitia exercitationem ab dolorem veritatis deserunt porro labore laudantium. Quos repellat, porro obcaecati numquam veritatis cum alias sit dolorum officiis earum tempore in vero odio maxime ipsum praesentium voluptate? Eveniet provident amet quidem vitae quisquam ducimus assumenda repellendus nisi molestias placeat, minus voluptatibus similique alias eos natus excepturi neque tenetur mollitia harum nobis consequatur distinctio? Facere cumque fuga nostrum, fugiat ratione quo consequatur a temporibus sed impedit voluptate cupiditate ipsam, expedita exercitationem odio qui nobis voluptas eos sapiente. Magnam!', '7'),
(55, 'cqueen1y@mac.com', '(730) 5997855', 23, 'Carolyn Queen', 'female', 'XLSTAT;CQS', '46205 Manufacturers Plaza', 'Lorem ipsum dolor sit amet consectetur adipisicing elit. Asperiores eaque harum qui numquam recusandae quia odit perspiciatis voluptates commodi, officia neque mollitia exercitationem ab dolorem veritatis deserunt porro labore laudantium. Quos repellat, porro obcaecati numquam veritatis cum alias sit dolorum officiis earum tempore in vero odio maxime ipsum praesentium voluptate? Eveniet provident amet quidem vitae quisquam ducimus assumenda repellendus nisi molestias placeat, minus voluptatibus similique alias eos natus excepturi neque tenetur mollitia harum nobis consequatur distinctio? Facere cumque fuga nostrum, fugiat ratione quo consequatur a temporibus sed impedit voluptate cupiditate ipsam, expedita exercitationem odio qui nobis voluptas eos sapiente. Magnam!', '1'),
(56, 'jdewfall1z@cdc.gov', '(665) 7263617', 32, 'Jammal Dewfall', 'female', 'XLSTAT;CQS', '69 Gerald Point', 'Lorem ipsum dolor sit amet consectetur adipisicing elit. Asperiores eaque harum qui numquam recusandae quia odit perspiciatis voluptates commodi, officia neque mollitia exercitationem ab dolorem veritatis deserunt porro labore laudantium. Quos repellat, porro obcaecati numquam veritatis cum alias sit dolorum officiis earum tempore in vero odio maxime ipsum praesentium voluptate? Eveniet provident amet quidem vitae quisquam ducimus assumenda repellendus nisi molestias placeat, minus voluptatibus similique alias eos natus excepturi neque tenetur mollitia harum nobis consequatur distinctio? Facere cumque fuga nostrum, fugiat ratione quo consequatur a temporibus sed impedit voluptate cupiditate ipsam, expedita exercitationem odio qui nobis voluptas eos sapiente. Magnam!', '2'),
(57, 'fshand20@vistaprint.com', '(905) 4151112', 25, 'Fina Shand', 'female', 'XLSTAT;CQS;HDRI', '56 Fairfield Court', 'Lorem ipsum dolor sit amet consectetur adipisicing elit. Asperiores eaque harum qui numquam recusandae quia odit perspiciatis voluptates commodi, officia neque mollitia exercitationem ab dolorem veritatis deserunt porro labore laudantium. Quos repellat, porro obcaecati numquam veritatis cum alias sit dolorum officiis earum tempore in vero odio maxime ipsum praesentium voluptate? Eveniet provident amet quidem vitae quisquam ducimus assumenda repellendus nisi molestias placeat, minus voluptatibus similique alias eos natus excepturi neque tenetur mollitia harum nobis consequatur distinctio? Facere cumque fuga nostrum, fugiat ratione quo consequatur a temporibus sed impedit voluptate cupiditate ipsam, expedita exercitationem odio qui nobis voluptas eos sapiente. Magnam!', '7'),
(58, 'moxberry21@vistaprint.com', '(552) 1887540', 40, 'Marisa Oxberry', 'male', 'XLSTAT', '205 Gulseth Pass', 'Lorem ipsum dolor sit amet consectetur adipisicing elit. Asperiores eaque harum qui numquam recusandae quia odit perspiciatis voluptates commodi, officia neque mollitia exercitationem ab dolorem veritatis deserunt porro labore laudantium. Quos repellat, porro obcaecati numquam veritatis cum alias sit dolorum officiis earum tempore in vero odio maxime ipsum praesentium voluptate? Eveniet provident amet quidem vitae quisquam ducimus assumenda repellendus nisi molestias placeat, minus voluptatibus similique alias eos natus excepturi neque tenetur mollitia harum nobis consequatur distinctio? Facere cumque fuga nostrum, fugiat ratione quo consequatur a temporibus sed impedit voluptate cupiditate ipsam, expedita exercitationem odio qui nobis voluptas eos sapiente. Magnam!', '8'),
(59, 'cdahlback23@list-manage.com', '(117) 8994252', 22, 'Cornie Dahlback', 'female', 'XLSTAT;CQS;HDRI;DCS', '4 Talmadge Street', 'Lorem ipsum dolor sit amet consectetur adipisicing elit. Asperiores eaque harum qui numquam recusandae quia odit perspiciatis voluptates commodi, officia neque mollitia exercitationem ab dolorem veritatis deserunt porro labore laudantium. Quos repellat, porro obcaecati numquam veritatis cum alias sit dolorum officiis earum tempore in vero odio maxime ipsum praesentium voluptate? Eveniet provident amet quidem vitae quisquam ducimus assumenda repellendus nisi molestias placeat, minus voluptatibus similique alias eos natus excepturi neque tenetur mollitia harum nobis consequatur distinctio? Facere cumque fuga nostrum, fugiat ratione quo consequatur a temporibus sed impedit voluptate cupiditate ipsam, expedita exercitationem odio qui nobis voluptas eos sapiente. Magnam!', '9'),
(60, 'cbowley24@printfriendly.com', '(840) 7494325', 36, 'Candice Bowley', 'male', 'XLSTAT;CQS;HDRI;DCS', '9173 Eliot Court', 'Lorem ipsum dolor sit amet consectetur adipisicing elit. Asperiores eaque harum qui numquam recusandae quia odit perspiciatis voluptates commodi, officia neque mollitia exercitationem ab dolorem veritatis deserunt porro labore laudantium. Quos repellat, porro obcaecati numquam veritatis cum alias sit dolorum officiis earum tempore in vero odio maxime ipsum praesentium voluptate? Eveniet provident amet quidem vitae quisquam ducimus assumenda repellendus nisi molestias placeat, minus voluptatibus similique alias eos natus excepturi neque tenetur mollitia harum nobis consequatur distinctio? Facere cumque fuga nostrum, fugiat ratione quo consequatur a temporibus sed impedit voluptate cupiditate ipsam, expedita exercitationem odio qui nobis voluptas eos sapiente. Magnam!', '2'),
(61, 'trysdale25@opensource.org', '(953) 9144120', 27, 'Theressa Rysdale', 'female', 'XLSTAT;CQS;HDRI;DCS', '4 Ohio Circle', 'Lorem ipsum dolor sit amet consectetur adipisicing elit. Asperiores eaque harum qui numquam recusandae quia odit perspiciatis voluptates commodi, officia neque mollitia exercitationem ab dolorem veritatis deserunt porro labore laudantium. Quos repellat, porro obcaecati numquam veritatis cum alias sit dolorum officiis earum tempore in vero odio maxime ipsum praesentium voluptate? Eveniet provident amet quidem vitae quisquam ducimus assumenda repellendus nisi molestias placeat, minus voluptatibus similique alias eos natus excepturi neque tenetur mollitia harum nobis consequatur distinctio? Facere cumque fuga nostrum, fugiat ratione quo consequatur a temporibus sed impedit voluptate cupiditate ipsam, expedita exercitationem odio qui nobis voluptas eos sapiente. Magnam!', '9'),
(62, 'vjacquemot26@networkadvertising.org', '(658) 6321536', 24, 'Valida Jacquemot', 'male', 'XLSTAT', '7287 Cambridge Center', 'Lorem ipsum dolor sit amet consectetur adipisicing elit. Asperiores eaque harum qui numquam recusandae quia odit perspiciatis voluptates commodi, officia neque mollitia exercitationem ab dolorem veritatis deserunt porro labore laudantium. Quos repellat, porro obcaecati numquam veritatis cum alias sit dolorum officiis earum tempore in vero odio maxime ipsum praesentium voluptate? Eveniet provident amet quidem vitae quisquam ducimus assumenda repellendus nisi molestias placeat, minus voluptatibus similique alias eos natus excepturi neque tenetur mollitia harum nobis consequatur distinctio? Facere cumque fuga nostrum, fugiat ratione quo consequatur a temporibus sed impedit voluptate cupiditate ipsam, expedita exercitationem odio qui nobis voluptas eos sapiente. Magnam!', '4'),
(63, 'hmcginly27@boston.com', '(273) 4214892', 37, 'Hughie McGinly', 'female', 'XLSTAT;CQS;HDRI;DCS', '58 Morningstar Road', 'Lorem ipsum dolor sit amet consectetur adipisicing elit. Asperiores eaque harum qui numquam recusandae quia odit perspiciatis voluptates commodi, officia neque mollitia exercitationem ab dolorem veritatis deserunt porro labore laudantium. Quos repellat, porro obcaecati numquam veritatis cum alias sit dolorum officiis earum tempore in vero odio maxime ipsum praesentium voluptate? Eveniet provident amet quidem vitae quisquam ducimus assumenda repellendus nisi molestias placeat, minus voluptatibus similique alias eos natus excepturi neque tenetur mollitia harum nobis consequatur distinctio? Facere cumque fuga nostrum, fugiat ratione quo consequatur a temporibus sed impedit voluptate cupiditate ipsam, expedita exercitationem odio qui nobis voluptas eos sapiente. Magnam!', '3'),
(64, 'sberecloth28@virginia.edu', '(433) 2759522', 24, 'Sanders Berecloth', 'female', 'XLSTAT;CQS;HDRI;DCS', '172 Logan Drive', 'Lorem ipsum dolor sit amet consectetur adipisicing elit. Asperiores eaque harum qui numquam recusandae quia odit perspiciatis voluptates commodi, officia neque mollitia exercitationem ab dolorem veritatis deserunt porro labore laudantium. Quos repellat, porro obcaecati numquam veritatis cum alias sit dolorum officiis earum tempore in vero odio maxime ipsum praesentium voluptate? Eveniet provident amet quidem vitae quisquam ducimus assumenda repellendus nisi molestias placeat, minus voluptatibus similique alias eos natus excepturi neque tenetur mollitia harum nobis consequatur distinctio? Facere cumque fuga nostrum, fugiat ratione quo consequatur a temporibus sed impedit voluptate cupiditate ipsam, expedita exercitationem odio qui nobis voluptas eos sapiente. Magnam!', '1'),
(65, 'jhassall29@amazonaws.com', '(296) 4518557', 20, 'Jacklyn Hassall', 'male', 'XLSTAT;CQS;HDRI;DCS', '3 Reinke Court', 'Lorem ipsum dolor sit amet consectetur adipisicing elit. Asperiores eaque harum qui numquam recusandae quia odit perspiciatis voluptates commodi, officia neque mollitia exercitationem ab dolorem veritatis deserunt porro labore laudantium. Quos repellat, porro obcaecati numquam veritatis cum alias sit dolorum officiis earum tempore in vero odio maxime ipsum praesentium voluptate? Eveniet provident amet quidem vitae quisquam ducimus assumenda repellendus nisi molestias placeat, minus voluptatibus similique alias eos natus excepturi neque tenetur mollitia harum nobis consequatur distinctio? Facere cumque fuga nostrum, fugiat ratione quo consequatur a temporibus sed impedit voluptate cupiditate ipsam, expedita exercitationem odio qui nobis voluptas eos sapiente. Magnam!', '3'),
(66, 'fhurd2a@washington.edu', '(989) 6777410', 22, 'Ferdie Hurd', 'female', 'XLSTAT', '5964 Packers Terrace', 'Lorem ipsum dolor sit amet consectetur adipisicing elit. Asperiores eaque harum qui numquam recusandae quia odit perspiciatis voluptates commodi, officia neque mollitia exercitationem ab dolorem veritatis deserunt porro labore laudantium. Quos repellat, porro obcaecati numquam veritatis cum alias sit dolorum officiis earum tempore in vero odio maxime ipsum praesentium voluptate? Eveniet provident amet quidem vitae quisquam ducimus assumenda repellendus nisi molestias placeat, minus voluptatibus similique alias eos natus excepturi neque tenetur mollitia harum nobis consequatur distinctio? Facere cumque fuga nostrum, fugiat ratione quo consequatur a temporibus sed impedit voluptate cupiditate ipsam, expedita exercitationem odio qui nobis voluptas eos sapiente. Magnam!', '5'),
(67, 'bupstone2b@engadget.com', '(395) 6780448', 34, 'Brita Upstone', 'female', 'XLSTAT;CQS;HDRI', '5 Mayer Street', 'Lorem ipsum dolor sit amet consectetur adipisicing elit. Asperiores eaque harum qui numquam recusandae quia odit perspiciatis voluptates commodi, officia neque mollitia exercitationem ab dolorem veritatis deserunt porro labore laudantium. Quos repellat, porro obcaecati numquam veritatis cum alias sit dolorum officiis earum tempore in vero odio maxime ipsum praesentium voluptate? Eveniet provident amet quidem vitae quisquam ducimus assumenda repellendus nisi molestias placeat, minus voluptatibus similique alias eos natus excepturi neque tenetur mollitia harum nobis consequatur distinctio? Facere cumque fuga nostrum, fugiat ratione quo consequatur a temporibus sed impedit voluptate cupiditate ipsam, expedita exercitationem odio qui nobis voluptas eos sapiente. Magnam!', '5'),
(68, 'odigg2c@dmoz.org', '(498) 3621125', 21, 'Orland Digg', 'male', 'XLSTAT;CQS;HDRI', '98 Ridgeview Trail', 'Lorem ipsum dolor sit amet consectetur adipisicing elit. Asperiores eaque harum qui numquam recusandae quia odit perspiciatis voluptates commodi, officia neque mollitia exercitationem ab dolorem veritatis deserunt porro labore laudantium. Quos repellat, porro obcaecati numquam veritatis cum alias sit dolorum officiis earum tempore in vero odio maxime ipsum praesentium voluptate? Eveniet provident amet quidem vitae quisquam ducimus assumenda repellendus nisi molestias placeat, minus voluptatibus similique alias eos natus excepturi neque tenetur mollitia harum nobis consequatur distinctio? Facere cumque fuga nostrum, fugiat ratione quo consequatur a temporibus sed impedit voluptate cupiditate ipsam, expedita exercitationem odio qui nobis voluptas eos sapiente. Magnam!', '9'),
(69, 'aomurtagh2d@shutterfly.com', '(544) 7321087', 39, 'Ansell O\'Murtagh', 'male', 'XLSTAT;CQS;HDRI', '2 Pepper Wood Parkway', 'Lorem ipsum dolor sit amet consectetur adipisicing elit. Asperiores eaque harum qui numquam recusandae quia odit perspiciatis voluptates commodi, officia neque mollitia exercitationem ab dolorem veritatis deserunt porro labore laudantium. Quos repellat, porro obcaecati numquam veritatis cum alias sit dolorum officiis earum tempore in vero odio maxime ipsum praesentium voluptate? Eveniet provident amet quidem vitae quisquam ducimus assumenda repellendus nisi molestias placeat, minus voluptatibus similique alias eos natus excepturi neque tenetur mollitia harum nobis consequatur distinctio? Facere cumque fuga nostrum, fugiat ratione quo consequatur a temporibus sed impedit voluptate cupiditate ipsam, expedita exercitationem odio qui nobis voluptas eos sapiente. Magnam!', '3'),
(70, 'kloughhead2e@oracle.com', '(186) 9272434', 35, 'Kassandra Loughhead', 'male', 'XLSTAT;CQS;HDRI', '4 Acker Alley', 'Lorem ipsum dolor sit amet consectetur adipisicing elit. Asperiores eaque harum qui numquam recusandae quia odit perspiciatis voluptates commodi, officia neque mollitia exercitationem ab dolorem veritatis deserunt porro labore laudantium. Quos repellat, porro obcaecati numquam veritatis cum alias sit dolorum officiis earum tempore in vero odio maxime ipsum praesentium voluptate? Eveniet provident amet quidem vitae quisquam ducimus assumenda repellendus nisi molestias placeat, minus voluptatibus similique alias eos natus excepturi neque tenetur mollitia harum nobis consequatur distinctio? Facere cumque fuga nostrum, fugiat ratione quo consequatur a temporibus sed impedit voluptate cupiditate ipsam, expedita exercitationem odio qui nobis voluptas eos sapiente. Magnam!', '7'),
(71, 'mlinster2f@wp.com', '(958) 3884516', 20, 'Mayor Linster', 'female', 'XLSTAT;CQS;HDRI', '43135 Homewood Terrace', 'Lorem ipsum dolor sit amet consectetur adipisicing elit. Asperiores eaque harum qui numquam recusandae quia odit perspiciatis voluptates commodi, officia neque mollitia exercitationem ab dolorem veritatis deserunt porro labore laudantium. Quos repellat, porro obcaecati numquam veritatis cum alias sit dolorum officiis earum tempore in vero odio maxime ipsum praesentium voluptate? Eveniet provident amet quidem vitae quisquam ducimus assumenda repellendus nisi molestias placeat, minus voluptatibus similique alias eos natus excepturi neque tenetur mollitia harum nobis consequatur distinctio? Facere cumque fuga nostrum, fugiat ratione quo consequatur a temporibus sed impedit voluptate cupiditate ipsam, expedita exercitationem odio qui nobis voluptas eos sapiente. Magnam!', '7'),
(72, 'mconew2g@cyberchimps.com', '(303) 7092799', 26, 'Micky Conew', 'female', 'XLSTAT', '9 Killdeer Circle', 'Lorem ipsum dolor sit amet consectetur adipisicing elit. Asperiores eaque harum qui numquam recusandae quia odit perspiciatis voluptates commodi, officia neque mollitia exercitationem ab dolorem veritatis deserunt porro labore laudantium. Quos repellat, porro obcaecati numquam veritatis cum alias sit dolorum officiis earum tempore in vero odio maxime ipsum praesentium voluptate? Eveniet provident amet quidem vitae quisquam ducimus assumenda repellendus nisi molestias placeat, minus voluptatibus similique alias eos natus excepturi neque tenetur mollitia harum nobis consequatur distinctio? Facere cumque fuga nostrum, fugiat ratione quo consequatur a temporibus sed impedit voluptate cupiditate ipsam, expedita exercitationem odio qui nobis voluptas eos sapiente. Magnam!', '5'),
(73, 'wlaycock2h@github.com', '(194) 4656648', 23, 'Wilma Laycock', 'male', 'XLSTAT;CQS', '617 Norway Maple Terrace', 'Lorem ipsum dolor sit amet consectetur adipisicing elit. Asperiores eaque harum qui numquam recusandae quia odit perspiciatis voluptates commodi, officia neque mollitia exercitationem ab dolorem veritatis deserunt porro labore laudantium. Quos repellat, porro obcaecati numquam veritatis cum alias sit dolorum officiis earum tempore in vero odio maxime ipsum praesentium voluptate? Eveniet provident amet quidem vitae quisquam ducimus assumenda repellendus nisi molestias placeat, minus voluptatibus similique alias eos natus excepturi neque tenetur mollitia harum nobis consequatur distinctio? Facere cumque fuga nostrum, fugiat ratione quo consequatur a temporibus sed impedit voluptate cupiditate ipsam, expedita exercitationem odio qui nobis voluptas eos sapiente. Magnam!', '3'),
(74, 'acorde2j@artisteer.com', '(158) 5055594', 34, 'Amalie Corde', 'male', 'XLSTAT;CQS;HDRI;DCS', '109 Sunfield Drive', 'Lorem ipsum dolor sit amet consectetur adipisicing elit. Asperiores eaque harum qui numquam recusandae quia odit perspiciatis voluptates commodi, officia neque mollitia exercitationem ab dolorem veritatis deserunt porro labore laudantium. Quos repellat, porro obcaecati numquam veritatis cum alias sit dolorum officiis earum tempore in vero odio maxime ipsum praesentium voluptate? Eveniet provident amet quidem vitae quisquam ducimus assumenda repellendus nisi molestias placeat, minus voluptatibus similique alias eos natus excepturi neque tenetur mollitia harum nobis consequatur distinctio? Facere cumque fuga nostrum, fugiat ratione quo consequatur a temporibus sed impedit voluptate cupiditate ipsam, expedita exercitationem odio qui nobis voluptas eos sapiente. Magnam!', '1'),
(75, 'lmildner2l@java.com', '(687) 7672107', 34, 'Lynda Mildner', 'female', 'XLSTAT', '13 Thierer Center', 'Lorem ipsum dolor sit amet consectetur adipisicing elit. Asperiores eaque harum qui numquam recusandae quia odit perspiciatis voluptates commodi, officia neque mollitia exercitationem ab dolorem veritatis deserunt porro labore laudantium. Quos repellat, porro obcaecati numquam veritatis cum alias sit dolorum officiis earum tempore in vero odio maxime ipsum praesentium voluptate? Eveniet provident amet quidem vitae quisquam ducimus assumenda repellendus nisi molestias placeat, minus voluptatibus similique alias eos natus excepturi neque tenetur mollitia harum nobis consequatur distinctio? Facere cumque fuga nostrum, fugiat ratione quo consequatur a temporibus sed impedit voluptate cupiditate ipsam, expedita exercitationem odio qui nobis voluptas eos sapiente. Magnam!', '4'),
(76, 'cmacgaughie2p@xrea.com', '(314) 3237522', 26, 'Cherey MacGaughie', 'female', 'XLSTAT', '224 Carioca Hill', 'Lorem ipsum dolor sit amet consectetur adipisicing elit. Asperiores eaque harum qui numquam recusandae quia odit perspiciatis voluptates commodi, officia neque mollitia exercitationem ab dolorem veritatis deserunt porro labore laudantium. Quos repellat, porro obcaecati numquam veritatis cum alias sit dolorum officiis earum tempore in vero odio maxime ipsum praesentium voluptate? Eveniet provident amet quidem vitae quisquam ducimus assumenda repellendus nisi molestias placeat, minus voluptatibus similique alias eos natus excepturi neque tenetur mollitia harum nobis consequatur distinctio? Facere cumque fuga nostrum, fugiat ratione quo consequatur a temporibus sed impedit voluptate cupiditate ipsam, expedita exercitationem odio qui nobis voluptas eos sapiente. Magnam!', '5'),
(77, 'dleimster2q@w3.org', '(191) 3796917', 39, 'Dewain Leimster', 'female', 'XLSTAT;CQS;HDRI', '42627 Carioca Park', 'Lorem ipsum dolor sit amet consectetur adipisicing elit. Asperiores eaque harum qui numquam recusandae quia odit perspiciatis voluptates commodi, officia neque mollitia exercitationem ab dolorem veritatis deserunt porro labore laudantium. Quos repellat, porro obcaecati numquam veritatis cum alias sit dolorum officiis earum tempore in vero odio maxime ipsum praesentium voluptate? Eveniet provident amet quidem vitae quisquam ducimus assumenda repellendus nisi molestias placeat, minus voluptatibus similique alias eos natus excepturi neque tenetur mollitia harum nobis consequatur distinctio? Facere cumque fuga nostrum, fugiat ratione quo consequatur a temporibus sed impedit voluptate cupiditate ipsam, expedita exercitationem odio qui nobis voluptas eos sapiente. Magnam!', '7'),
(78, 'ckollach2r@usnews.com', '(176) 6896152', 38, 'Cammie Kollach', 'female', 'XLSTAT;CQS;HDRI', '10 Emmet Way', 'Lorem ipsum dolor sit amet consectetur adipisicing elit. Asperiores eaque harum qui numquam recusandae quia odit perspiciatis voluptates commodi, officia neque mollitia exercitationem ab dolorem veritatis deserunt porro labore laudantium. Quos repellat, porro obcaecati numquam veritatis cum alias sit dolorum officiis earum tempore in vero odio maxime ipsum praesentium voluptate? Eveniet provident amet quidem vitae quisquam ducimus assumenda repellendus nisi molestias placeat, minus voluptatibus similique alias eos natus excepturi neque tenetur mollitia harum nobis consequatur distinctio? Facere cumque fuga nostrum, fugiat ratione quo consequatur a temporibus sed impedit voluptate cupiditate ipsam, expedita exercitationem odio qui nobis voluptas eos sapiente. Magnam!', '8'),
(79, 'aenzley2t@ebay.com', '(706) 3143804', 30, 'Alexandr enzley', 'male', 'XLSTAT', '517 Nobel Trail', 'Lorem ipsum dolor sit amet consectetur adipisicing elit. Asperiores eaque harum qui numquam recusandae quia odit perspiciatis voluptates commodi, officia neque mollitia exercitationem ab dolorem veritatis deserunt porro labore laudantium. Quos repellat, porro obcaecati numquam veritatis cum alias sit dolorum officiis earum tempore in vero odio maxime ipsum praesentium voluptate? Eveniet provident amet quidem vitae quisquam ducimus assumenda repellendus nisi molestias placeat, minus voluptatibus similique alias eos natus excepturi neque tenetur mollitia harum nobis consequatur distinctio? Facere cumque fuga nostrum, fugiat ratione quo consequatur a temporibus sed impedit voluptate cupiditate ipsam, expedita exercitationem odio qui nobis voluptas eos sapiente. Magnam!', '2'),
(80, 'ldobbinson2u@deviantart.com', '(996) 7461600', 34, 'Lane Dobbinson', 'female', 'XLSTAT', '89096 Myrtle Junction', 'Lorem ipsum dolor sit amet consectetur adipisicing elit. Asperiores eaque harum qui numquam recusandae quia odit perspiciatis voluptates commodi, officia neque mollitia exercitationem ab dolorem veritatis deserunt porro labore laudantium. Quos repellat, porro obcaecati numquam veritatis cum alias sit dolorum officiis earum tempore in vero odio maxime ipsum praesentium voluptate? Eveniet provident amet quidem vitae quisquam ducimus assumenda repellendus nisi molestias placeat, minus voluptatibus similique alias eos natus excepturi neque tenetur mollitia harum nobis consequatur distinctio? Facere cumque fuga nostrum, fugiat ratione quo consequatur a temporibus sed impedit voluptate cupiditate ipsam, expedita exercitationem odio qui nobis voluptas eos sapiente. Magnam!', '2'),
(81, 'pfernihough2v@creativecommons.org', '(387) 3343371', 25, 'Pippy Fernihough', 'female', 'XLSTAT', '425 Susan Drive', 'Lorem ipsum dolor sit amet consectetur adipisicing elit. Asperiores eaque harum qui numquam recusandae quia odit perspiciatis voluptates commodi, officia neque mollitia exercitationem ab dolorem veritatis deserunt porro labore laudantium. Quos repellat, porro obcaecati numquam veritatis cum alias sit dolorum officiis earum tempore in vero odio maxime ipsum praesentium voluptate? Eveniet provident amet quidem vitae quisquam ducimus assumenda repellendus nisi molestias placeat, minus voluptatibus similique alias eos natus excepturi neque tenetur mollitia harum nobis consequatur distinctio? Facere cumque fuga nostrum, fugiat ratione quo consequatur a temporibus sed impedit voluptate cupiditate ipsam, expedita exercitationem odio qui nobis voluptas eos sapiente. Magnam!', '5'),
(82, 'enuccii2w@msn.com', '(719) 4646964', 34, 'Edgard Nuccii', 'female', 'XLSTAT;CQS', '775 Waubesa Street', 'Lorem ipsum dolor sit amet consectetur adipisicing elit. Asperiores eaque harum qui numquam recusandae quia odit perspiciatis voluptates commodi, officia neque mollitia exercitationem ab dolorem veritatis deserunt porro labore laudantium. Quos repellat, porro obcaecati numquam veritatis cum alias sit dolorum officiis earum tempore in vero odio maxime ipsum praesentium voluptate? Eveniet provident amet quidem vitae quisquam ducimus assumenda repellendus nisi molestias placeat, minus voluptatibus similique alias eos natus excepturi neque tenetur mollitia harum nobis consequatur distinctio? Facere cumque fuga nostrum, fugiat ratione quo consequatur a temporibus sed impedit voluptate cupiditate ipsam, expedita exercitationem odio qui nobis voluptas eos sapiente. Magnam!', '1'),
(83, 'pgayter2x@washingtonpost.com', '(301) 2666598', 27, 'Perren Gayter', 'male', 'XLSTAT', '0 Pleasure Street', 'Lorem ipsum dolor sit amet consectetur adipisicing elit. Asperiores eaque harum qui numquam recusandae quia odit perspiciatis voluptates commodi, officia neque mollitia exercitationem ab dolorem veritatis deserunt porro labore laudantium. Quos repellat, porro obcaecati numquam veritatis cum alias sit dolorum officiis earum tempore in vero odio maxime ipsum praesentium voluptate? Eveniet provident amet quidem vitae quisquam ducimus assumenda repellendus nisi molestias placeat, minus voluptatibus similique alias eos natus excepturi neque tenetur mollitia harum nobis consequatur distinctio? Facere cumque fuga nostrum, fugiat ratione quo consequatur a temporibus sed impedit voluptate cupiditate ipsam, expedita exercitationem odio qui nobis voluptas eos sapiente. Magnam!', '5'),
(84, 'trolinson2y@tumblr.com', '(205) 8748163', 32, 'Torre Rolinson', 'male', 'XLSTAT', '96562 Pawling Circle', 'Lorem ipsum dolor sit amet consectetur adipisicing elit. Asperiores eaque harum qui numquam recusandae quia odit perspiciatis voluptates commodi, officia neque mollitia exercitationem ab dolorem veritatis deserunt porro labore laudantium. Quos repellat, porro obcaecati numquam veritatis cum alias sit dolorum officiis earum tempore in vero odio maxime ipsum praesentium voluptate? Eveniet provident amet quidem vitae quisquam ducimus assumenda repellendus nisi molestias placeat, minus voluptatibus similique alias eos natus excepturi neque tenetur mollitia harum nobis consequatur distinctio? Facere cumque fuga nostrum, fugiat ratione quo consequatur a temporibus sed impedit voluptate cupiditate ipsam, expedita exercitationem odio qui nobis voluptas eos sapiente. Magnam!', '7'),
(85, 'bstaries30@baidu.com', '(632) 8814773', 33, 'Billye Staries', 'female', 'XLSTAT;CQS', '76589 Atwood Circle', 'Lorem ipsum dolor sit amet consectetur adipisicing elit. Asperiores eaque harum qui numquam recusandae quia odit perspiciatis voluptates commodi, officia neque mollitia exercitationem ab dolorem veritatis deserunt porro labore laudantium. Quos repellat, porro obcaecati numquam veritatis cum alias sit dolorum officiis earum tempore in vero odio maxime ipsum praesentium voluptate? Eveniet provident amet quidem vitae quisquam ducimus assumenda repellendus nisi molestias placeat, minus voluptatibus similique alias eos natus excepturi neque tenetur mollitia harum nobis consequatur distinctio? Facere cumque fuga nostrum, fugiat ratione quo consequatur a temporibus sed impedit voluptate cupiditate ipsam, expedita exercitationem odio qui nobis voluptas eos sapiente. Magnam!', '7'),
(86, 'ajoslin31@chron.com', '(912) 2675548', 40, 'Arda Joslin', 'female', 'XLSTAT;CQS;HDRI', '7 Waywood Trail', 'Lorem ipsum dolor sit amet consectetur adipisicing elit. Asperiores eaque harum qui numquam recusandae quia odit perspiciatis voluptates commodi, officia neque mollitia exercitationem ab dolorem veritatis deserunt porro labore laudantium. Quos repellat, porro obcaecati numquam veritatis cum alias sit dolorum officiis earum tempore in vero odio maxime ipsum praesentium voluptate? Eveniet provident amet quidem vitae quisquam ducimus assumenda repellendus nisi molestias placeat, minus voluptatibus similique alias eos natus excepturi neque tenetur mollitia harum nobis consequatur distinctio? Facere cumque fuga nostrum, fugiat ratione quo consequatur a temporibus sed impedit voluptate cupiditate ipsam, expedita exercitationem odio qui nobis voluptas eos sapiente. Magnam!', '6'),
(87, 'ewodham32@uol.com.br', '(391) 8631899', 38, 'Elroy Wodham', 'male', 'XLSTAT', '435 American Ash Place', 'Lorem ipsum dolor sit amet consectetur adipisicing elit. Asperiores eaque harum qui numquam recusandae quia odit perspiciatis voluptates commodi, officia neque mollitia exercitationem ab dolorem veritatis deserunt porro labore laudantium. Quos repellat, porro obcaecati numquam veritatis cum alias sit dolorum officiis earum tempore in vero odio maxime ipsum praesentium voluptate? Eveniet provident amet quidem vitae quisquam ducimus assumenda repellendus nisi molestias placeat, minus voluptatibus similique alias eos natus excepturi neque tenetur mollitia harum nobis consequatur distinctio? Facere cumque fuga nostrum, fugiat ratione quo consequatur a temporibus sed impedit voluptate cupiditate ipsam, expedita exercitationem odio qui nobis voluptas eos sapiente. Magnam!', '6'),
(88, 'bcardenoso35@loc.gov', '(672) 6428058', 39, 'Boris Cardenoso', 'male', 'XLSTAT;CQS;HDRI;DCS', '9648 Straubel Point', 'Lorem ipsum dolor sit amet consectetur adipisicing elit. Asperiores eaque harum qui numquam recusandae quia odit perspiciatis voluptates commodi, officia neque mollitia exercitationem ab dolorem veritatis deserunt porro labore laudantium. Quos repellat, porro obcaecati numquam veritatis cum alias sit dolorum officiis earum tempore in vero odio maxime ipsum praesentium voluptate? Eveniet provident amet quidem vitae quisquam ducimus assumenda repellendus nisi molestias placeat, minus voluptatibus similique alias eos natus excepturi neque tenetur mollitia harum nobis consequatur distinctio? Facere cumque fuga nostrum, fugiat ratione quo consequatur a temporibus sed impedit voluptate cupiditate ipsam, expedita exercitationem odio qui nobis voluptas eos sapiente. Magnam!', '6'),
(89, 'ahollerin36@netlog.com', '(199) 7455827', 34, 'Aube Hollerin', 'male', 'XLSTAT;CQS;HDRI;DCS', '44746 Green Ridge Point', 'Lorem ipsum dolor sit amet consectetur adipisicing elit. Asperiores eaque harum qui numquam recusandae quia odit perspiciatis voluptates commodi, officia neque mollitia exercitationem ab dolorem veritatis deserunt porro labore laudantium. Quos repellat, porro obcaecati numquam veritatis cum alias sit dolorum officiis earum tempore in vero odio maxime ipsum praesentium voluptate? Eveniet provident amet quidem vitae quisquam ducimus assumenda repellendus nisi molestias placeat, minus voluptatibus similique alias eos natus excepturi neque tenetur mollitia harum nobis consequatur distinctio? Facere cumque fuga nostrum, fugiat ratione quo consequatur a temporibus sed impedit voluptate cupiditate ipsam, expedita exercitationem odio qui nobis voluptas eos sapiente. Magnam!', '9'),
(90, 'pgoldthorpe38@discuz.net', '(232) 3321952', 22, 'Perle Goldthorpe', 'male', 'XLSTAT;CQS;HDRI;DCS', '18951 Namekagon Parkway', 'Lorem ipsum dolor sit amet consectetur adipisicing elit. Asperiores eaque harum qui numquam recusandae quia odit perspiciatis voluptates commodi, officia neque mollitia exercitationem ab dolorem veritatis deserunt porro labore laudantium. Quos repellat, porro obcaecati numquam veritatis cum alias sit dolorum officiis earum tempore in vero odio maxime ipsum praesentium voluptate? Eveniet provident amet quidem vitae quisquam ducimus assumenda repellendus nisi molestias placeat, minus voluptatibus similique alias eos natus excepturi neque tenetur mollitia harum nobis consequatur distinctio? Facere cumque fuga nostrum, fugiat ratione quo consequatur a temporibus sed impedit voluptate cupiditate ipsam, expedita exercitationem odio qui nobis voluptas eos sapiente. Magnam!', '8'),
(91, 'stoopin3a@arstechnica.com', '(228) 8425288', 23, 'Serge Toopin', 'female', 'XLSTAT;CQS;HDRI;DCS', '2 Heffernan Crossing', 'Lorem ipsum dolor sit amet consectetur adipisicing elit. Asperiores eaque harum qui numquam recusandae quia odit perspiciatis voluptates commodi, officia neque mollitia exercitationem ab dolorem veritatis deserunt porro labore laudantium. Quos repellat, porro obcaecati numquam veritatis cum alias sit dolorum officiis earum tempore in vero odio maxime ipsum praesentium voluptate? Eveniet provident amet quidem vitae quisquam ducimus assumenda repellendus nisi molestias placeat, minus voluptatibus similique alias eos natus excepturi neque tenetur mollitia harum nobis consequatur distinctio? Facere cumque fuga nostrum, fugiat ratione quo consequatur a temporibus sed impedit voluptate cupiditate ipsam, expedita exercitationem odio qui nobis voluptas eos sapiente. Magnam!', '6'),
(92, 'acaulier3b@fastcompany.com', '(370) 9016332', 22, 'Aggi Caulier', 'male', 'XLSTAT;CQS;HDRI', '8 Marquette Circle', 'Lorem ipsum dolor sit amet consectetur adipisicing elit. Asperiores eaque harum qui numquam recusandae quia odit perspiciatis voluptates commodi, officia neque mollitia exercitationem ab dolorem veritatis deserunt porro labore laudantium. Quos repellat, porro obcaecati numquam veritatis cum alias sit dolorum officiis earum tempore in vero odio maxime ipsum praesentium voluptate? Eveniet provident amet quidem vitae quisquam ducimus assumenda repellendus nisi molestias placeat, minus voluptatibus similique alias eos natus excepturi neque tenetur mollitia harum nobis consequatur distinctio? Facere cumque fuga nostrum, fugiat ratione quo consequatur a temporibus sed impedit voluptate cupiditate ipsam, expedita exercitationem odio qui nobis voluptas eos sapiente. Magnam!', '6'),
(93, 'bvedekhin3c@statcounter.com', '(341) 7131265', 20, 'Broderic Vedekhin', 'female', 'XLSTAT;CQS', '1 Reindahl Street', 'Lorem ipsum dolor sit amet consectetur adipisicing elit. Asperiores eaque harum qui numquam recusandae quia odit perspiciatis voluptates commodi, officia neque mollitia exercitationem ab dolorem veritatis deserunt porro labore laudantium. Quos repellat, porro obcaecati numquam veritatis cum alias sit dolorum officiis earum tempore in vero odio maxime ipsum praesentium voluptate? Eveniet provident amet quidem vitae quisquam ducimus assumenda repellendus nisi molestias placeat, minus voluptatibus similique alias eos natus excepturi neque tenetur mollitia harum nobis consequatur distinctio? Facere cumque fuga nostrum, fugiat ratione quo consequatur a temporibus sed impedit voluptate cupiditate ipsam, expedita exercitationem odio qui nobis voluptas eos sapiente. Magnam!', '3'),
(94, 'bkonrad3d@mtv.com', '(776) 9411473', 35, 'Brita Konrad', 'male', 'XLSTAT;CQS;HDRI;DCS', '7963 Messerschmidt Point', 'Lorem ipsum dolor sit amet consectetur adipisicing elit. Asperiores eaque harum qui numquam recusandae quia odit perspiciatis voluptates commodi, officia neque mollitia exercitationem ab dolorem veritatis deserunt porro labore laudantium. Quos repellat, porro obcaecati numquam veritatis cum alias sit dolorum officiis earum tempore in vero odio maxime ipsum praesentium voluptate? Eveniet provident amet quidem vitae quisquam ducimus assumenda repellendus nisi molestias placeat, minus voluptatibus similique alias eos natus excepturi neque tenetur mollitia harum nobis consequatur distinctio? Facere cumque fuga nostrum, fugiat ratione quo consequatur a temporibus sed impedit voluptate cupiditate ipsam, expedita exercitationem odio qui nobis voluptas eos sapiente. Magnam!', '3'),
(95, 'pmacgauhy3e@google.com.br', '(847) 1488983', 31, 'Patrice MacGauhy', 'male', 'XLSTAT;CQS;HDRI', '1567 Blaine Way', 'Lorem ipsum dolor sit amet consectetur adipisicing elit. Asperiores eaque harum qui numquam recusandae quia odit perspiciatis voluptates commodi, officia neque mollitia exercitationem ab dolorem veritatis deserunt porro labore laudantium. Quos repellat, porro obcaecati numquam veritatis cum alias sit dolorum officiis earum tempore in vero odio maxime ipsum praesentium voluptate? Eveniet provident amet quidem vitae quisquam ducimus assumenda repellendus nisi molestias placeat, minus voluptatibus similique alias eos natus excepturi neque tenetur mollitia harum nobis consequatur distinctio? Facere cumque fuga nostrum, fugiat ratione quo consequatur a temporibus sed impedit voluptate cupiditate ipsam, expedita exercitationem odio qui nobis voluptas eos sapiente. Magnam!', '5'),
(96, 'cschankel3f@adobe.com', '(450) 2350542', 21, 'Chandra Schankel', 'male', 'XLSTAT;CQS;HDRI;DCS', '051 Quincy Place', 'Lorem ipsum dolor sit amet consectetur adipisicing elit. Asperiores eaque harum qui numquam recusandae quia odit perspiciatis voluptates commodi, officia neque mollitia exercitationem ab dolorem veritatis deserunt porro labore laudantium. Quos repellat, porro obcaecati numquam veritatis cum alias sit dolorum officiis earum tempore in vero odio maxime ipsum praesentium voluptate? Eveniet provident amet quidem vitae quisquam ducimus assumenda repellendus nisi molestias placeat, minus voluptatibus similique alias eos natus excepturi neque tenetur mollitia harum nobis consequatur distinctio? Facere cumque fuga nostrum, fugiat ratione quo consequatur a temporibus sed impedit voluptate cupiditate ipsam, expedita exercitationem odio qui nobis voluptas eos sapiente. Magnam!', '9'),
(97, 'arubartelli3g@amazon.com', '(169) 9218547', 29, 'Amil Rubartelli', 'male', 'XLSTAT;CQS;HDRI', '332 Springs Alley', 'Lorem ipsum dolor sit amet consectetur adipisicing elit. Asperiores eaque harum qui numquam recusandae quia odit perspiciatis voluptates commodi, officia neque mollitia exercitationem ab dolorem veritatis deserunt porro labore laudantium. Quos repellat, porro obcaecati numquam veritatis cum alias sit dolorum officiis earum tempore in vero odio maxime ipsum praesentium voluptate? Eveniet provident amet quidem vitae quisquam ducimus assumenda repellendus nisi molestias placeat, minus voluptatibus similique alias eos natus excepturi neque tenetur mollitia harum nobis consequatur distinctio? Facere cumque fuga nostrum, fugiat ratione quo consequatur a temporibus sed impedit voluptate cupiditate ipsam, expedita exercitationem odio qui nobis voluptas eos sapiente. Magnam!', '3'),
(98, 'bsoane3h@aol.com', '(299) 8202437', 22, 'Bridgette Soane', 'female', 'XLSTAT;CQS;HDRI;DCS', '980 Magdeline Trail', 'Lorem ipsum dolor sit amet consectetur adipisicing elit. Asperiores eaque harum qui numquam recusandae quia odit perspiciatis voluptates commodi, officia neque mollitia exercitationem ab dolorem veritatis deserunt porro labore laudantium. Quos repellat, porro obcaecati numquam veritatis cum alias sit dolorum officiis earum tempore in vero odio maxime ipsum praesentium voluptate? Eveniet provident amet quidem vitae quisquam ducimus assumenda repellendus nisi molestias placeat, minus voluptatibus similique alias eos natus excepturi neque tenetur mollitia harum nobis consequatur distinctio? Facere cumque fuga nostrum, fugiat ratione quo consequatur a temporibus sed impedit voluptate cupiditate ipsam, expedita exercitationem odio qui nobis voluptas eos sapiente. Magnam!', '3'),
(99, 'cedgson3i@latimes.com', '(824) 7015755', 29, 'Chanda Edgson', 'male', 'XLSTAT;CQS;HDRI;DCS', '1 Dovetail Hill', 'Lorem ipsum dolor sit amet consectetur adipisicing elit. Asperiores eaque harum qui numquam recusandae quia odit perspiciatis voluptates commodi, officia neque mollitia exercitationem ab dolorem veritatis deserunt porro labore laudantium. Quos repellat, porro obcaecati numquam veritatis cum alias sit dolorum officiis earum tempore in vero odio maxime ipsum praesentium voluptate? Eveniet provident amet quidem vitae quisquam ducimus assumenda repellendus nisi molestias placeat, minus voluptatibus similique alias eos natus excepturi neque tenetur mollitia harum nobis consequatur distinctio? Facere cumque fuga nostrum, fugiat ratione quo consequatur a temporibus sed impedit voluptate cupiditate ipsam, expedita exercitationem odio qui nobis voluptas eos sapiente. Magnam!', '8'),
(100, 'aferrelli3j@freewebs.com', '(519) 8738002', 39, 'Alicia Ferrelli', 'female', 'XLSTAT;CQS', '484 Hoepker Point', 'Lorem ipsum dolor sit amet consectetur adipisicing elit. Asperiores eaque harum qui numquam recusandae quia odit perspiciatis voluptates commodi, officia neque mollitia exercitationem ab dolorem veritatis deserunt porro labore laudantium. Quos repellat, porro obcaecati numquam veritatis cum alias sit dolorum officiis earum tempore in vero odio maxime ipsum praesentium voluptate? Eveniet provident amet quidem vitae quisquam ducimus assumenda repellendus nisi molestias placeat, minus voluptatibus similique alias eos natus excepturi neque tenetur mollitia harum nobis consequatur distinctio? Facere cumque fuga nostrum, fugiat ratione quo consequatur a temporibus sed impedit voluptate cupiditate ipsam, expedita exercitationem odio qui nobis voluptas eos sapiente. Magnam!', '4'),
(101, 'isambals3l@angelfire.com', '(514) 3331043', 35, 'Ilysa Sambals', 'female', 'XLSTAT;CQS;HDRI', '59605 Thackeray Alley', 'Lorem ipsum dolor sit amet consectetur adipisicing elit. Asperiores eaque harum qui numquam recusandae quia odit perspiciatis voluptates commodi, officia neque mollitia exercitationem ab dolorem veritatis deserunt porro labore laudantium. Quos repellat, porro obcaecati numquam veritatis cum alias sit dolorum officiis earum tempore in vero odio maxime ipsum praesentium voluptate? Eveniet provident amet quidem vitae quisquam ducimus assumenda repellendus nisi molestias placeat, minus voluptatibus similique alias eos natus excepturi neque tenetur mollitia harum nobis consequatur distinctio? Facere cumque fuga nostrum, fugiat ratione quo consequatur a temporibus sed impedit voluptate cupiditate ipsam, expedita exercitationem odio qui nobis voluptas eos sapiente. Magnam!', '1'),
(102, 'emckimm3m@people.com.cn', '(926) 4312002', 38, 'Emilia McKimm', 'male', 'XLSTAT;CQS;HDRI', '73030 Manley Avenue', 'Lorem ipsum dolor sit amet consectetur adipisicing elit. Asperiores eaque harum qui numquam recusandae quia odit perspiciatis voluptates commodi, officia neque mollitia exercitationem ab dolorem veritatis deserunt porro labore laudantium. Quos repellat, porro obcaecati numquam veritatis cum alias sit dolorum officiis earum tempore in vero odio maxime ipsum praesentium voluptate? Eveniet provident amet quidem vitae quisquam ducimus assumenda repellendus nisi molestias placeat, minus voluptatibus similique alias eos natus excepturi neque tenetur mollitia harum nobis consequatur distinctio? Facere cumque fuga nostrum, fugiat ratione quo consequatur a temporibus sed impedit voluptate cupiditate ipsam, expedita exercitationem odio qui nobis voluptas eos sapiente. Magnam!', '4'),
(103, 'kbeccero3n@rakuten.co.jp', '(541) 4166514', 23, 'Kirby Beccero', 'male', 'XLSTAT;CQS;HDRI;DCS', '9 Tomscot Street', 'Lorem ipsum dolor sit amet consectetur adipisicing elit. Asperiores eaque harum qui numquam recusandae quia odit perspiciatis voluptates commodi, officia neque mollitia exercitationem ab dolorem veritatis deserunt porro labore laudantium. Quos repellat, porro obcaecati numquam veritatis cum alias sit dolorum officiis earum tempore in vero odio maxime ipsum praesentium voluptate? Eveniet provident amet quidem vitae quisquam ducimus assumenda repellendus nisi molestias placeat, minus voluptatibus similique alias eos natus excepturi neque tenetur mollitia harum nobis consequatur distinctio? Facere cumque fuga nostrum, fugiat ratione quo consequatur a temporibus sed impedit voluptate cupiditate ipsam, expedita exercitationem odio qui nobis voluptas eos sapiente. Magnam!', '9'),
(104, 'pwoolforde3p@businessweek.com', '(175) 5302618', 35, 'Pincus Woolforde', 'male', 'XLSTAT;CQS;HDRI;DCS', '49 Nancy Terrace', 'Lorem ipsum dolor sit amet consectetur adipisicing elit. Asperiores eaque harum qui numquam recusandae quia odit perspiciatis voluptates commodi, officia neque mollitia exercitationem ab dolorem veritatis deserunt porro labore laudantium. Quos repellat, porro obcaecati numquam veritatis cum alias sit dolorum officiis earum tempore in vero odio maxime ipsum praesentium voluptate? Eveniet provident amet quidem vitae quisquam ducimus assumenda repellendus nisi molestias placeat, minus voluptatibus similique alias eos natus excepturi neque tenetur mollitia harum nobis consequatur distinctio? Facere cumque fuga nostrum, fugiat ratione quo consequatur a temporibus sed impedit voluptate cupiditate ipsam, expedita exercitationem odio qui nobis voluptas eos sapiente. Magnam!', '4'),
(105, 'mbiernacki3q@google.nl', '(951) 5171001', 34, 'Marlane Biernacki', 'female', 'XLSTAT;CQS;HDRI;DCS', '6 Marquette Alley', 'Lorem ipsum dolor sit amet consectetur adipisicing elit. Asperiores eaque harum qui numquam recusandae quia odit perspiciatis voluptates commodi, officia neque mollitia exercitationem ab dolorem veritatis deserunt porro labore laudantium. Quos repellat, porro obcaecati numquam veritatis cum alias sit dolorum officiis earum tempore in vero odio maxime ipsum praesentium voluptate? Eveniet provident amet quidem vitae quisquam ducimus assumenda repellendus nisi molestias placeat, minus voluptatibus similique alias eos natus excepturi neque tenetur mollitia harum nobis consequatur distinctio? Facere cumque fuga nostrum, fugiat ratione quo consequatur a temporibus sed impedit voluptate cupiditate ipsam, expedita exercitationem odio qui nobis voluptas eos sapiente. Magnam!', '3'),
(106, 'hspon3t@intel.com', '(199) 4012551', 32, 'Hulda Spon', 'female', 'XLSTAT;CQS', '7276 Morning Crossing', 'Lorem ipsum dolor sit amet consectetur adipisicing elit. Asperiores eaque harum qui numquam recusandae quia odit perspiciatis voluptates commodi, officia neque mollitia exercitationem ab dolorem veritatis deserunt porro labore laudantium. Quos repellat, porro obcaecati numquam veritatis cum alias sit dolorum officiis earum tempore in vero odio maxime ipsum praesentium voluptate? Eveniet provident amet quidem vitae quisquam ducimus assumenda repellendus nisi molestias placeat, minus voluptatibus similique alias eos natus excepturi neque tenetur mollitia harum nobis consequatur distinctio? Facere cumque fuga nostrum, fugiat ratione quo consequatur a temporibus sed impedit voluptate cupiditate ipsam, expedita exercitationem odio qui nobis voluptas eos sapiente. Magnam!', '1'),
(107, 'ktapply3u@si.edu', '(256) 9168510', 23, 'Kennith Tapply', 'male', 'XLSTAT;CQS', '096 Autumn Leaf Crossing', 'Lorem ipsum dolor sit amet consectetur adipisicing elit. Asperiores eaque harum qui numquam recusandae quia odit perspiciatis voluptates commodi, officia neque mollitia exercitationem ab dolorem veritatis deserunt porro labore laudantium. Quos repellat, porro obcaecati numquam veritatis cum alias sit dolorum officiis earum tempore in vero odio maxime ipsum praesentium voluptate? Eveniet provident amet quidem vitae quisquam ducimus assumenda repellendus nisi molestias placeat, minus voluptatibus similique alias eos natus excepturi neque tenetur mollitia harum nobis consequatur distinctio? Facere cumque fuga nostrum, fugiat ratione quo consequatur a temporibus sed impedit voluptate cupiditate ipsam, expedita exercitationem odio qui nobis voluptas eos sapiente. Magnam!', '7'),
(108, 'rspelman3w@wix.com', '(117) 1026311', 33, 'Reese Spelman', 'male', 'XLSTAT;CQS;HDRI;DCS', '5 Norway Maple Alley', 'Lorem ipsum dolor sit amet consectetur adipisicing elit. Asperiores eaque harum qui numquam recusandae quia odit perspiciatis voluptates commodi, officia neque mollitia exercitationem ab dolorem veritatis deserunt porro labore laudantium. Quos repellat, porro obcaecati numquam veritatis cum alias sit dolorum officiis earum tempore in vero odio maxime ipsum praesentium voluptate? Eveniet provident amet quidem vitae quisquam ducimus assumenda repellendus nisi molestias placeat, minus voluptatibus similique alias eos natus excepturi neque tenetur mollitia harum nobis consequatur distinctio? Facere cumque fuga nostrum, fugiat ratione quo consequatur a temporibus sed impedit voluptate cupiditate ipsam, expedita exercitationem odio qui nobis voluptas eos sapiente. Magnam!', '3'),
(109, 'aching40@chronoengine.com', '(486) 3776790', 22, 'Axe Ching', 'female', 'XLSTAT', '7595 Sunbrook Place', 'Lorem ipsum dolor sit amet consectetur adipisicing elit. Asperiores eaque harum qui numquam recusandae quia odit perspiciatis voluptates commodi, officia neque mollitia exercitationem ab dolorem veritatis deserunt porro labore laudantium. Quos repellat, porro obcaecati numquam veritatis cum alias sit dolorum officiis earum tempore in vero odio maxime ipsum praesentium voluptate? Eveniet provident amet quidem vitae quisquam ducimus assumenda repellendus nisi molestias placeat, minus voluptatibus similique alias eos natus excepturi neque tenetur mollitia harum nobis consequatur distinctio? Facere cumque fuga nostrum, fugiat ratione quo consequatur a temporibus sed impedit voluptate cupiditate ipsam, expedita exercitationem odio qui nobis voluptas eos sapiente. Magnam!', '2'),
(110, 'bdowsey41@admin.ch', '(251) 2668512', 36, 'Bren Dowsey', 'female', 'XLSTAT', '97473 Graedel Trail', 'Lorem ipsum dolor sit amet consectetur adipisicing elit. Asperiores eaque harum qui numquam recusandae quia odit perspiciatis voluptates commodi, officia neque mollitia exercitationem ab dolorem veritatis deserunt porro labore laudantium. Quos repellat, porro obcaecati numquam veritatis cum alias sit dolorum officiis earum tempore in vero odio maxime ipsum praesentium voluptate? Eveniet provident amet quidem vitae quisquam ducimus assumenda repellendus nisi molestias placeat, minus voluptatibus similique alias eos natus excepturi neque tenetur mollitia harum nobis consequatur distinctio? Facere cumque fuga nostrum, fugiat ratione quo consequatur a temporibus sed impedit voluptate cupiditate ipsam, expedita exercitationem odio qui nobis voluptas eos sapiente. Magnam!', '1'),
(111, 'ebinnell42@jigsy.com', '(412) 6474156', 21, 'Elora Binnell', 'female', 'XLSTAT', '7590 Sycamore Court', 'Lorem ipsum dolor sit amet consectetur adipisicing elit. Asperiores eaque harum qui numquam recusandae quia odit perspiciatis voluptates commodi, officia neque mollitia exercitationem ab dolorem veritatis deserunt porro labore laudantium. Quos repellat, porro obcaecati numquam veritatis cum alias sit dolorum officiis earum tempore in vero odio maxime ipsum praesentium voluptate? Eveniet provident amet quidem vitae quisquam ducimus assumenda repellendus nisi molestias placeat, minus voluptatibus similique alias eos natus excepturi neque tenetur mollitia harum nobis consequatur distinctio? Facere cumque fuga nostrum, fugiat ratione quo consequatur a temporibus sed impedit voluptate cupiditate ipsam, expedita exercitationem odio qui nobis voluptas eos sapiente. Magnam!', '8'),
(112, 'dgoncalo43@squarespace.com', '(598) 4749200', 21, 'Dorothee Goncalo', 'male', 'XLSTAT;CQS', '7 Grover Junction', 'Lorem ipsum dolor sit amet consectetur adipisicing elit. Asperiores eaque harum qui numquam recusandae quia odit perspiciatis voluptates commodi, officia neque mollitia exercitationem ab dolorem veritatis deserunt porro labore laudantium. Quos repellat, porro obcaecati numquam veritatis cum alias sit dolorum officiis earum tempore in vero odio maxime ipsum praesentium voluptate? Eveniet provident amet quidem vitae quisquam ducimus assumenda repellendus nisi molestias placeat, minus voluptatibus similique alias eos natus excepturi neque tenetur mollitia harum nobis consequatur distinctio? Facere cumque fuga nostrum, fugiat ratione quo consequatur a temporibus sed impedit voluptate cupiditate ipsam, expedita exercitationem odio qui nobis voluptas eos sapiente. Magnam!', '9'),
(113, 'mklessmann46@yale.edu', '(452) 1292256', 30, 'Madeline Klessmann', 'male', 'XLSTAT;CQS;HDRI', '21263 Bunting Terrace', 'Lorem ipsum dolor sit amet consectetur adipisicing elit. Asperiores eaque harum qui numquam recusandae quia odit perspiciatis voluptates commodi, officia neque mollitia exercitationem ab dolorem veritatis deserunt porro labore laudantium. Quos repellat, porro obcaecati numquam veritatis cum alias sit dolorum officiis earum tempore in vero odio maxime ipsum praesentium voluptate? Eveniet provident amet quidem vitae quisquam ducimus assumenda repellendus nisi molestias placeat, minus voluptatibus similique alias eos natus excepturi neque tenetur mollitia harum nobis consequatur distinctio? Facere cumque fuga nostrum, fugiat ratione quo consequatur a temporibus sed impedit voluptate cupiditate ipsam, expedita exercitationem odio qui nobis voluptas eos sapiente. Magnam!', '1'),
(114, 'rboynes47@aboutads.info', '(304) 3315663', 39, 'Rennie Boynes', 'female', 'XLSTAT;CQS;HDRI;DCS', '7 Victoria Circle', 'Lorem ipsum dolor sit amet consectetur adipisicing elit. Asperiores eaque harum qui numquam recusandae quia odit perspiciatis voluptates commodi, officia neque mollitia exercitationem ab dolorem veritatis deserunt porro labore laudantium. Quos repellat, porro obcaecati numquam veritatis cum alias sit dolorum officiis earum tempore in vero odio maxime ipsum praesentium voluptate? Eveniet provident amet quidem vitae quisquam ducimus assumenda repellendus nisi molestias placeat, minus voluptatibus similique alias eos natus excepturi neque tenetur mollitia harum nobis consequatur distinctio? Facere cumque fuga nostrum, fugiat ratione quo consequatur a temporibus sed impedit voluptate cupiditate ipsam, expedita exercitationem odio qui nobis voluptas eos sapiente. Magnam!', '4'),
(115, 'wvickers48@ucoz.com', '(268) 3122949', 37, 'Wolfgang Vickers', 'female', 'XLSTAT', '5449 Commercial Lane', 'Lorem ipsum dolor sit amet consectetur adipisicing elit. Asperiores eaque harum qui numquam recusandae quia odit perspiciatis voluptates commodi, officia neque mollitia exercitationem ab dolorem veritatis deserunt porro labore laudantium. Quos repellat, porro obcaecati numquam veritatis cum alias sit dolorum officiis earum tempore in vero odio maxime ipsum praesentium voluptate? Eveniet provident amet quidem vitae quisquam ducimus assumenda repellendus nisi molestias placeat, minus voluptatibus similique alias eos natus excepturi neque tenetur mollitia harum nobis consequatur distinctio? Facere cumque fuga nostrum, fugiat ratione quo consequatur a temporibus sed impedit voluptate cupiditate ipsam, expedita exercitationem odio qui nobis voluptas eos sapiente. Magnam!', '6'),
(116, 'washlin49@1und1.de', '(313) 7311248', 31, 'Washington Ashlin', 'female', 'XLSTAT;CQS;HDRI', '824 Florence Lane', 'Lorem ipsum dolor sit amet consectetur adipisicing elit. Asperiores eaque harum qui numquam recusandae quia odit perspiciatis voluptates commodi, officia neque mollitia exercitationem ab dolorem veritatis deserunt porro labore laudantium. Quos repellat, porro obcaecati numquam veritatis cum alias sit dolorum officiis earum tempore in vero odio maxime ipsum praesentium voluptate? Eveniet provident amet quidem vitae quisquam ducimus assumenda repellendus nisi molestias placeat, minus voluptatibus similique alias eos natus excepturi neque tenetur mollitia harum nobis consequatur distinctio? Facere cumque fuga nostrum, fugiat ratione quo consequatur a temporibus sed impedit voluptate cupiditate ipsam, expedita exercitationem odio qui nobis voluptas eos sapiente. Magnam!', '3'),
(117, 'jnorrey4a@themeforest.net', '(654) 6500853', 33, 'Joyann Norrey', 'female', 'XLSTAT;CQS;HDRI', '4728 Village Green Way', 'Lorem ipsum dolor sit amet consectetur adipisicing elit. Asperiores eaque harum qui numquam recusandae quia odit perspiciatis voluptates commodi, officia neque mollitia exercitationem ab dolorem veritatis deserunt porro labore laudantium. Quos repellat, porro obcaecati numquam veritatis cum alias sit dolorum officiis earum tempore in vero odio maxime ipsum praesentium voluptate? Eveniet provident amet quidem vitae quisquam ducimus assumenda repellendus nisi molestias placeat, minus voluptatibus similique alias eos natus excepturi neque tenetur mollitia harum nobis consequatur distinctio? Facere cumque fuga nostrum, fugiat ratione quo consequatur a temporibus sed impedit voluptate cupiditate ipsam, expedita exercitationem odio qui nobis voluptas eos sapiente. Magnam!', '6'),
(118, 'khemms4b@indiatimes.com', '(280) 3853560', 39, 'Kaile Hemms', 'male', 'XLSTAT;CQS;HDRI;DCS', '9 Eliot Road', 'Lorem ipsum dolor sit amet consectetur adipisicing elit. Asperiores eaque harum qui numquam recusandae quia odit perspiciatis voluptates commodi, officia neque mollitia exercitationem ab dolorem veritatis deserunt porro labore laudantium. Quos repellat, porro obcaecati numquam veritatis cum alias sit dolorum officiis earum tempore in vero odio maxime ipsum praesentium voluptate? Eveniet provident amet quidem vitae quisquam ducimus assumenda repellendus nisi molestias placeat, minus voluptatibus similique alias eos natus excepturi neque tenetur mollitia harum nobis consequatur distinctio? Facere cumque fuga nostrum, fugiat ratione quo consequatur a temporibus sed impedit voluptate cupiditate ipsam, expedita exercitationem odio qui nobis voluptas eos sapiente. Magnam!', '9'),
(119, 'mburcombe4c@com.com', '(693) 5596924', 32, 'Moses Burcombe', 'female', 'XLSTAT;CQS;HDRI', '4396 Orin Plaza', 'Lorem ipsum dolor sit amet consectetur adipisicing elit. Asperiores eaque harum qui numquam recusandae quia odit perspiciatis voluptates commodi, officia neque mollitia exercitationem ab dolorem veritatis deserunt porro labore laudantium. Quos repellat, porro obcaecati numquam veritatis cum alias sit dolorum officiis earum tempore in vero odio maxime ipsum praesentium voluptate? Eveniet provident amet quidem vitae quisquam ducimus assumenda repellendus nisi molestias placeat, minus voluptatibus similique alias eos natus excepturi neque tenetur mollitia harum nobis consequatur distinctio? Facere cumque fuga nostrum, fugiat ratione quo consequatur a temporibus sed impedit voluptate cupiditate ipsam, expedita exercitationem odio qui nobis voluptas eos sapiente. Magnam!', '2'),
(120, 'tfigure4d@sciencedaily.com', '(564) 3200828', 39, 'Teirtza Figure', 'female', 'XLSTAT;CQS;HDRI', '3278 Bashford Lane', 'Lorem ipsum dolor sit amet consectetur adipisicing elit. Asperiores eaque harum qui numquam recusandae quia odit perspiciatis voluptates commodi, officia neque mollitia exercitationem ab dolorem veritatis deserunt porro labore laudantium. Quos repellat, porro obcaecati numquam veritatis cum alias sit dolorum officiis earum tempore in vero odio maxime ipsum praesentium voluptate? Eveniet provident amet quidem vitae quisquam ducimus assumenda repellendus nisi molestias placeat, minus voluptatibus similique alias eos natus excepturi neque tenetur mollitia harum nobis consequatur distinctio? Facere cumque fuga nostrum, fugiat ratione quo consequatur a temporibus sed impedit voluptate cupiditate ipsam, expedita exercitationem odio qui nobis voluptas eos sapiente. Magnam!', '7'),
(121, 'enoblet4e@tumblr.com', '(929) 9311743', 23, 'Eleonora Noblet', 'female', 'XLSTAT', '38 Westerfield Court', 'Lorem ipsum dolor sit amet consectetur adipisicing elit. Asperiores eaque harum qui numquam recusandae quia odit perspiciatis voluptates commodi, officia neque mollitia exercitationem ab dolorem veritatis deserunt porro labore laudantium. Quos repellat, porro obcaecati numquam veritatis cum alias sit dolorum officiis earum tempore in vero odio maxime ipsum praesentium voluptate? Eveniet provident amet quidem vitae quisquam ducimus assumenda repellendus nisi molestias placeat, minus voluptatibus similique alias eos natus excepturi neque tenetur mollitia harum nobis consequatur distinctio? Facere cumque fuga nostrum, fugiat ratione quo consequatur a temporibus sed impedit voluptate cupiditate ipsam, expedita exercitationem odio qui nobis voluptas eos sapiente. Magnam!', '2'),
(122, 'rbuckhurst4f@techcrunch.com', '(735) 8716652', 30, 'Roxy Buckhurst', 'female', 'XLSTAT', '7049 Cardinal Crossing', 'Lorem ipsum dolor sit amet consectetur adipisicing elit. Asperiores eaque harum qui numquam recusandae quia odit perspiciatis voluptates commodi, officia neque mollitia exercitationem ab dolorem veritatis deserunt porro labore laudantium. Quos repellat, porro obcaecati numquam veritatis cum alias sit dolorum officiis earum tempore in vero odio maxime ipsum praesentium voluptate? Eveniet provident amet quidem vitae quisquam ducimus assumenda repellendus nisi molestias placeat, minus voluptatibus similique alias eos natus excepturi neque tenetur mollitia harum nobis consequatur distinctio? Facere cumque fuga nostrum, fugiat ratione quo consequatur a temporibus sed impedit voluptate cupiditate ipsam, expedita exercitationem odio qui nobis voluptas eos sapiente. Magnam!', '5'),
(123, 'jfold4g@wsj.com', '(830) 6666188', 22, 'Johann Fold', 'female', 'XLSTAT;CQS;HDRI;DCS', '9549 Debs Parkway', 'Lorem ipsum dolor sit amet consectetur adipisicing elit. Asperiores eaque harum qui numquam recusandae quia odit perspiciatis voluptates commodi, officia neque mollitia exercitationem ab dolorem veritatis deserunt porro labore laudantium. Quos repellat, porro obcaecati numquam veritatis cum alias sit dolorum officiis earum tempore in vero odio maxime ipsum praesentium voluptate? Eveniet provident amet quidem vitae quisquam ducimus assumenda repellendus nisi molestias placeat, minus voluptatibus similique alias eos natus excepturi neque tenetur mollitia harum nobis consequatur distinctio? Facere cumque fuga nostrum, fugiat ratione quo consequatur a temporibus sed impedit voluptate cupiditate ipsam, expedita exercitationem odio qui nobis voluptas eos sapiente. Magnam!', '2'),
(124, 'mdicty4h@amazon.com', '(403) 8085764', 25, 'Moore Dicty', 'male', 'XLSTAT;CQS;HDRI;DCS', '89229 Merrick Alley', 'Lorem ipsum dolor sit amet consectetur adipisicing elit. Asperiores eaque harum qui numquam recusandae quia odit perspiciatis voluptates commodi, officia neque mollitia exercitationem ab dolorem veritatis deserunt porro labore laudantium. Quos repellat, porro obcaecati numquam veritatis cum alias sit dolorum officiis earum tempore in vero odio maxime ipsum praesentium voluptate? Eveniet provident amet quidem vitae quisquam ducimus assumenda repellendus nisi molestias placeat, minus voluptatibus similique alias eos natus excepturi neque tenetur mollitia harum nobis consequatur distinctio? Facere cumque fuga nostrum, fugiat ratione quo consequatur a temporibus sed impedit voluptate cupiditate ipsam, expedita exercitationem odio qui nobis voluptas eos sapiente. Magnam!', '4'),
(125, 'ilewcock4i@mozilla.org', '(249) 3022448', 34, 'Inger Lewcock', 'male', 'XLSTAT;CQS', '1 Hovde Street', 'Lorem ipsum dolor sit amet consectetur adipisicing elit. Asperiores eaque harum qui numquam recusandae quia odit perspiciatis voluptates commodi, officia neque mollitia exercitationem ab dolorem veritatis deserunt porro labore laudantium. Quos repellat, porro obcaecati numquam veritatis cum alias sit dolorum officiis earum tempore in vero odio maxime ipsum praesentium voluptate? Eveniet provident amet quidem vitae quisquam ducimus assumenda repellendus nisi molestias placeat, minus voluptatibus similique alias eos natus excepturi neque tenetur mollitia harum nobis consequatur distinctio? Facere cumque fuga nostrum, fugiat ratione quo consequatur a temporibus sed impedit voluptate cupiditate ipsam, expedita exercitationem odio qui nobis voluptas eos sapiente. Magnam!', '2'),
(126, 'mfrankish4j@surveymonkey.com', '(464) 1767272', 24, 'Minette Frankish', 'female', 'XLSTAT;CQS;HDRI;DCS', '60 Lindbergh Parkway', 'Lorem ipsum dolor sit amet consectetur adipisicing elit. Asperiores eaque harum qui numquam recusandae quia odit perspiciatis voluptates commodi, officia neque mollitia exercitationem ab dolorem veritatis deserunt porro labore laudantium. Quos repellat, porro obcaecati numquam veritatis cum alias sit dolorum officiis earum tempore in vero odio maxime ipsum praesentium voluptate? Eveniet provident amet quidem vitae quisquam ducimus assumenda repellendus nisi molestias placeat, minus voluptatibus similique alias eos natus excepturi neque tenetur mollitia harum nobis consequatur distinctio? Facere cumque fuga nostrum, fugiat ratione quo consequatur a temporibus sed impedit voluptate cupiditate ipsam, expedita exercitationem odio qui nobis voluptas eos sapiente. Magnam!', '8'),
(127, 'cpilipyak4k@clickbank.net', '(759) 8500510', 36, 'Ceciley Pilipyak', 'male', 'XLSTAT;CQS;HDRI;DCS', '168 Hayes Parkway', 'Lorem ipsum dolor sit amet consectetur adipisicing elit. Asperiores eaque harum qui numquam recusandae quia odit perspiciatis voluptates commodi, officia neque mollitia exercitationem ab dolorem veritatis deserunt porro labore laudantium. Quos repellat, porro obcaecati numquam veritatis cum alias sit dolorum officiis earum tempore in vero odio maxime ipsum praesentium voluptate? Eveniet provident amet quidem vitae quisquam ducimus assumenda repellendus nisi molestias placeat, minus voluptatibus similique alias eos natus excepturi neque tenetur mollitia harum nobis consequatur distinctio? Facere cumque fuga nostrum, fugiat ratione quo consequatur a temporibus sed impedit voluptate cupiditate ipsam, expedita exercitationem odio qui nobis voluptas eos sapiente. Magnam!', '5'),
(128, 'sleake4l@amazon.com', '(527) 5888566', 21, 'Saree Leake', 'male', 'XLSTAT;CQS', '773 Dixon Hill', 'Lorem ipsum dolor sit amet consectetur adipisicing elit. Asperiores eaque harum qui numquam recusandae quia odit perspiciatis voluptates commodi, officia neque mollitia exercitationem ab dolorem veritatis deserunt porro labore laudantium. Quos repellat, porro obcaecati numquam veritatis cum alias sit dolorum officiis earum tempore in vero odio maxime ipsum praesentium voluptate? Eveniet provident amet quidem vitae quisquam ducimus assumenda repellendus nisi molestias placeat, minus voluptatibus similique alias eos natus excepturi neque tenetur mollitia harum nobis consequatur distinctio? Facere cumque fuga nostrum, fugiat ratione quo consequatur a temporibus sed impedit voluptate cupiditate ipsam, expedita exercitationem odio qui nobis voluptas eos sapiente. Magnam!', '9'),
(129, 'wcameron4m@microsoft.com', '(642) 7336694', 23, 'Wallie Cameron', 'male', 'XLSTAT', '225 Linden Way', 'Lorem ipsum dolor sit amet consectetur adipisicing elit. Asperiores eaque harum qui numquam recusandae quia odit perspiciatis voluptates commodi, officia neque mollitia exercitationem ab dolorem veritatis deserunt porro labore laudantium. Quos repellat, porro obcaecati numquam veritatis cum alias sit dolorum officiis earum tempore in vero odio maxime ipsum praesentium voluptate? Eveniet provident amet quidem vitae quisquam ducimus assumenda repellendus nisi molestias placeat, minus voluptatibus similique alias eos natus excepturi neque tenetur mollitia harum nobis consequatur distinctio? Facere cumque fuga nostrum, fugiat ratione quo consequatur a temporibus sed impedit voluptate cupiditate ipsam, expedita exercitationem odio qui nobis voluptas eos sapiente. Magnam!', '4'),
(130, 'cpesselt4n@discovery.com', '(143) 7819777', 31, 'Chelsy Pesselt', 'female', 'XLSTAT', '76123 Fisk Junction', 'Lorem ipsum dolor sit amet consectetur adipisicing elit. Asperiores eaque harum qui numquam recusandae quia odit perspiciatis voluptates commodi, officia neque mollitia exercitationem ab dolorem veritatis deserunt porro labore laudantium. Quos repellat, porro obcaecati numquam veritatis cum alias sit dolorum officiis earum tempore in vero odio maxime ipsum praesentium voluptate? Eveniet provident amet quidem vitae quisquam ducimus assumenda repellendus nisi molestias placeat, minus voluptatibus similique alias eos natus excepturi neque tenetur mollitia harum nobis consequatur distinctio? Facere cumque fuga nostrum, fugiat ratione quo consequatur a temporibus sed impedit voluptate cupiditate ipsam, expedita exercitationem odio qui nobis voluptas eos sapiente. Magnam!', '1'),
(131, 'erimer4p@clickbank.net', '(999) 9136675', 22, 'Evey Rimer', 'male', 'XLSTAT;CQS;HDRI', '040 Elmside Point', 'Lorem ipsum dolor sit amet consectetur adipisicing elit. Asperiores eaque harum qui numquam recusandae quia odit perspiciatis voluptates commodi, officia neque mollitia exercitationem ab dolorem veritatis deserunt porro labore laudantium. Quos repellat, porro obcaecati numquam veritatis cum alias sit dolorum officiis earum tempore in vero odio maxime ipsum praesentium voluptate? Eveniet provident amet quidem vitae quisquam ducimus assumenda repellendus nisi molestias placeat, minus voluptatibus similique alias eos natus excepturi neque tenetur mollitia harum nobis consequatur distinctio? Facere cumque fuga nostrum, fugiat ratione quo consequatur a temporibus sed impedit voluptate cupiditate ipsam, expedita exercitationem odio qui nobis voluptas eos sapiente. Magnam!', '1'),
(132, 'llidyard4q@aol.com', '(542) 1608558', 31, 'Lovell Lidyard', 'male', 'XLSTAT;CQS;HDRI', '77924 Morningstar Road', 'Lorem ipsum dolor sit amet consectetur adipisicing elit. Asperiores eaque harum qui numquam recusandae quia odit perspiciatis voluptates commodi, officia neque mollitia exercitationem ab dolorem veritatis deserunt porro labore laudantium. Quos repellat, porro obcaecati numquam veritatis cum alias sit dolorum officiis earum tempore in vero odio maxime ipsum praesentium voluptate? Eveniet provident amet quidem vitae quisquam ducimus assumenda repellendus nisi molestias placeat, minus voluptatibus similique alias eos natus excepturi neque tenetur mollitia harum nobis consequatur distinctio? Facere cumque fuga nostrum, fugiat ratione quo consequatur a temporibus sed impedit voluptate cupiditate ipsam, expedita exercitationem odio qui nobis voluptas eos sapiente. Magnam!', '4'),
(133, 'sfowlds4r@goo.ne.jp', '(786) 9133138', 36, 'Sayre Fowlds', 'female', 'XLSTAT;CQS;HDRI;DCS', '19953 Lien Lane', 'Lorem ipsum dolor sit amet consectetur adipisicing elit. Asperiores eaque harum qui numquam recusandae quia odit perspiciatis voluptates commodi, officia neque mollitia exercitationem ab dolorem veritatis deserunt porro labore laudantium. Quos repellat, porro obcaecati numquam veritatis cum alias sit dolorum officiis earum tempore in vero odio maxime ipsum praesentium voluptate? Eveniet provident amet quidem vitae quisquam ducimus assumenda repellendus nisi molestias placeat, minus voluptatibus similique alias eos natus excepturi neque tenetur mollitia harum nobis consequatur distinctio? Facere cumque fuga nostrum, fugiat ratione quo consequatur a temporibus sed impedit voluptate cupiditate ipsam, expedita exercitationem odio qui nobis voluptas eos sapiente. Magnam!', '5'),
(134, 'kgemson4s@hubpages.com', '(687) 5307953', 38, 'Kevina Gemson', 'male', 'XLSTAT;CQS;HDRI;DCS', '4 Randy Trail', 'Lorem ipsum dolor sit amet consectetur adipisicing elit. Asperiores eaque harum qui numquam recusandae quia odit perspiciatis voluptates commodi, officia neque mollitia exercitationem ab dolorem veritatis deserunt porro labore laudantium. Quos repellat, porro obcaecati numquam veritatis cum alias sit dolorum officiis earum tempore in vero odio maxime ipsum praesentium voluptate? Eveniet provident amet quidem vitae quisquam ducimus assumenda repellendus nisi molestias placeat, minus voluptatibus similique alias eos natus excepturi neque tenetur mollitia harum nobis consequatur distinctio? Facere cumque fuga nostrum, fugiat ratione quo consequatur a temporibus sed impedit voluptate cupiditate ipsam, expedita exercitationem odio qui nobis voluptas eos sapiente. Magnam!', '5'),
(135, 'eturone4t@bloglines.com', '(712) 1708689', 34, 'Ethelyn Turone', 'female', 'XLSTAT;CQS;HDRI', '514 Schiller Parkway', 'Lorem ipsum dolor sit amet consectetur adipisicing elit. Asperiores eaque harum qui numquam recusandae quia odit perspiciatis voluptates commodi, officia neque mollitia exercitationem ab dolorem veritatis deserunt porro labore laudantium. Quos repellat, porro obcaecati numquam veritatis cum alias sit dolorum officiis earum tempore in vero odio maxime ipsum praesentium voluptate? Eveniet provident amet quidem vitae quisquam ducimus assumenda repellendus nisi molestias placeat, minus voluptatibus similique alias eos natus excepturi neque tenetur mollitia harum nobis consequatur distinctio? Facere cumque fuga nostrum, fugiat ratione quo consequatur a temporibus sed impedit voluptate cupiditate ipsam, expedita exercitationem odio qui nobis voluptas eos sapiente. Magnam!', '9'),
(136, 'rrubra4w@livejournal.com', '(813) 2484244', 24, 'Rozele Rubra', 'female', 'XLSTAT', '0141 Westport Terrace', 'Lorem ipsum dolor sit amet consectetur adipisicing elit. Asperiores eaque harum qui numquam recusandae quia odit perspiciatis voluptates commodi, officia neque mollitia exercitationem ab dolorem veritatis deserunt porro labore laudantium. Quos repellat, porro obcaecati numquam veritatis cum alias sit dolorum officiis earum tempore in vero odio maxime ipsum praesentium voluptate? Eveniet provident amet quidem vitae quisquam ducimus assumenda repellendus nisi molestias placeat, minus voluptatibus similique alias eos natus excepturi neque tenetur mollitia harum nobis consequatur distinctio? Facere cumque fuga nostrum, fugiat ratione quo consequatur a temporibus sed impedit voluptate cupiditate ipsam, expedita exercitationem odio qui nobis voluptas eos sapiente. Magnam!', '3'),
(137, 'rmander4x@bluehost.com', '(852) 2759007', 32, 'Randolf Mander', 'male', 'XLSTAT;CQS', '967 Eliot Street', 'Lorem ipsum dolor sit amet consectetur adipisicing elit. Asperiores eaque harum qui numquam recusandae quia odit perspiciatis voluptates commodi, officia neque mollitia exercitationem ab dolorem veritatis deserunt porro labore laudantium. Quos repellat, porro obcaecati numquam veritatis cum alias sit dolorum officiis earum tempore in vero odio maxime ipsum praesentium voluptate? Eveniet provident amet quidem vitae quisquam ducimus assumenda repellendus nisi molestias placeat, minus voluptatibus similique alias eos natus excepturi neque tenetur mollitia harum nobis consequatur distinctio? Facere cumque fuga nostrum, fugiat ratione quo consequatur a temporibus sed impedit voluptate cupiditate ipsam, expedita exercitationem odio qui nobis voluptas eos sapiente. Magnam!', '7'),
(138, 'kannion4y@noaa.gov', '(828) 2287898', 28, 'Kinnie Annion', 'female', 'XLSTAT', '35 Sunfield Road', 'Lorem ipsum dolor sit amet consectetur adipisicing elit. Asperiores eaque harum qui numquam recusandae quia odit perspiciatis voluptates commodi, officia neque mollitia exercitationem ab dolorem veritatis deserunt porro labore laudantium. Quos repellat, porro obcaecati numquam veritatis cum alias sit dolorum officiis earum tempore in vero odio maxime ipsum praesentium voluptate? Eveniet provident amet quidem vitae quisquam ducimus assumenda repellendus nisi molestias placeat, minus voluptatibus similique alias eos natus excepturi neque tenetur mollitia harum nobis consequatur distinctio? Facere cumque fuga nostrum, fugiat ratione quo consequatur a temporibus sed impedit voluptate cupiditate ipsam, expedita exercitationem odio qui nobis voluptas eos sapiente. Magnam!', '6'),
(139, 'bcomazzo50@youtu.be', '(787) 4524158', 24, 'Bertine Comazzo', 'male', 'XLSTAT;CQS', '28282 Shasta Lane', 'Lorem ipsum dolor sit amet consectetur adipisicing elit. Asperiores eaque harum qui numquam recusandae quia odit perspiciatis voluptates commodi, officia neque mollitia exercitationem ab dolorem veritatis deserunt porro labore laudantium. Quos repellat, porro obcaecati numquam veritatis cum alias sit dolorum officiis earum tempore in vero odio maxime ipsum praesentium voluptate? Eveniet provident amet quidem vitae quisquam ducimus assumenda repellendus nisi molestias placeat, minus voluptatibus similique alias eos natus excepturi neque tenetur mollitia harum nobis consequatur distinctio? Facere cumque fuga nostrum, fugiat ratione quo consequatur a temporibus sed impedit voluptate cupiditate ipsam, expedita exercitationem odio qui nobis voluptas eos sapiente. Magnam!', '8'),
(140, 'bcohani51@kickstarter.com', '(903) 2001710', 39, 'Brose Cohani', 'male', 'XLSTAT;CQS;HDRI;DCS', '17430 Atwood Place', 'Lorem ipsum dolor sit amet consectetur adipisicing elit. Asperiores eaque harum qui numquam recusandae quia odit perspiciatis voluptates commodi, officia neque mollitia exercitationem ab dolorem veritatis deserunt porro labore laudantium. Quos repellat, porro obcaecati numquam veritatis cum alias sit dolorum officiis earum tempore in vero odio maxime ipsum praesentium voluptate? Eveniet provident amet quidem vitae quisquam ducimus assumenda repellendus nisi molestias placeat, minus voluptatibus similique alias eos natus excepturi neque tenetur mollitia harum nobis consequatur distinctio? Facere cumque fuga nostrum, fugiat ratione quo consequatur a temporibus sed impedit voluptate cupiditate ipsam, expedita exercitationem odio qui nobis voluptas eos sapiente. Magnam!', '6'),
(141, 'idilland55@google.ca', '(625) 7686788', 29, 'Isaac Dilland', 'male', 'XLSTAT;CQS', '9 Hintze Place', 'Lorem ipsum dolor sit amet consectetur adipisicing elit. Asperiores eaque harum qui numquam recusandae quia odit perspiciatis voluptates commodi, officia neque mollitia exercitationem ab dolorem veritatis deserunt porro labore laudantium. Quos repellat, porro obcaecati numquam veritatis cum alias sit dolorum officiis earum tempore in vero odio maxime ipsum praesentium voluptate? Eveniet provident amet quidem vitae quisquam ducimus assumenda repellendus nisi molestias placeat, minus voluptatibus similique alias eos natus excepturi neque tenetur mollitia harum nobis consequatur distinctio? Facere cumque fuga nostrum, fugiat ratione quo consequatur a temporibus sed impedit voluptate cupiditate ipsam, expedita exercitationem odio qui nobis voluptas eos sapiente. Magnam!', '3'),
(142, 'eshieber56@gnu.org', '(303) 2842629', 38, 'Elga Shieber', 'male', 'XLSTAT;CQS;HDRI;DCS', '563 Weeping Birch Drive', 'Lorem ipsum dolor sit amet consectetur adipisicing elit. Asperiores eaque harum qui numquam recusandae quia odit perspiciatis voluptates commodi, officia neque mollitia exercitationem ab dolorem veritatis deserunt porro labore laudantium. Quos repellat, porro obcaecati numquam veritatis cum alias sit dolorum officiis earum tempore in vero odio maxime ipsum praesentium voluptate? Eveniet provident amet quidem vitae quisquam ducimus assumenda repellendus nisi molestias placeat, minus voluptatibus similique alias eos natus excepturi neque tenetur mollitia harum nobis consequatur distinctio? Facere cumque fuga nostrum, fugiat ratione quo consequatur a temporibus sed impedit voluptate cupiditate ipsam, expedita exercitationem odio qui nobis voluptas eos sapiente. Magnam!', '6'),
(143, 'cwheelband57@amazonaws.com', '(406) 9919066', 38, 'Cindra Wheelband', 'female', 'XLSTAT', '005 Garrison Center', 'Lorem ipsum dolor sit amet consectetur adipisicing elit. Asperiores eaque harum qui numquam recusandae quia odit perspiciatis voluptates commodi, officia neque mollitia exercitationem ab dolorem veritatis deserunt porro labore laudantium. Quos repellat, porro obcaecati numquam veritatis cum alias sit dolorum officiis earum tempore in vero odio maxime ipsum praesentium voluptate? Eveniet provident amet quidem vitae quisquam ducimus assumenda repellendus nisi molestias placeat, minus voluptatibus similique alias eos natus excepturi neque tenetur mollitia harum nobis consequatur distinctio? Facere cumque fuga nostrum, fugiat ratione quo consequatur a temporibus sed impedit voluptate cupiditate ipsam, expedita exercitationem odio qui nobis voluptas eos sapiente. Magnam!', '1'),
(144, 'ulelliott58@mlb.com', '(142) 1122852', 32, 'Ursala Lelliott', 'male', 'XLSTAT;CQS;HDRI;DCS', '12 Larry Terrace', 'Lorem ipsum dolor sit amet consectetur adipisicing elit. Asperiores eaque harum qui numquam recusandae quia odit perspiciatis voluptates commodi, officia neque mollitia exercitationem ab dolorem veritatis deserunt porro labore laudantium. Quos repellat, porro obcaecati numquam veritatis cum alias sit dolorum officiis earum tempore in vero odio maxime ipsum praesentium voluptate? Eveniet provident amet quidem vitae quisquam ducimus assumenda repellendus nisi molestias placeat, minus voluptatibus similique alias eos natus excepturi neque tenetur mollitia harum nobis consequatur distinctio? Facere cumque fuga nostrum, fugiat ratione quo consequatur a temporibus sed impedit voluptate cupiditate ipsam, expedita exercitationem odio qui nobis voluptas eos sapiente. Magnam!', '7'),
(145, 'lwolfenden5a@nih.gov', '(627) 1746410', 21, 'Lelah Wolfenden', 'female', 'XLSTAT;CQS;HDRI;DCS', '3 Continental Way', 'Lorem ipsum dolor sit amet consectetur adipisicing elit. Asperiores eaque harum qui numquam recusandae quia odit perspiciatis voluptates commodi, officia neque mollitia exercitationem ab dolorem veritatis deserunt porro labore laudantium. Quos repellat, porro obcaecati numquam veritatis cum alias sit dolorum officiis earum tempore in vero odio maxime ipsum praesentium voluptate? Eveniet provident amet quidem vitae quisquam ducimus assumenda repellendus nisi molestias placeat, minus voluptatibus similique alias eos natus excepturi neque tenetur mollitia harum nobis consequatur distinctio? Facere cumque fuga nostrum, fugiat ratione quo consequatur a temporibus sed impedit voluptate cupiditate ipsam, expedita exercitationem odio qui nobis voluptas eos sapiente. Magnam!', '2'),
(146, 'staberer5b@ucoz.ru', '(988) 7895230', 37, 'Sander Taberer', 'female', 'XLSTAT;CQS;HDRI', '91189 Riverside Plaza', 'Lorem ipsum dolor sit amet consectetur adipisicing elit. Asperiores eaque harum qui numquam recusandae quia odit perspiciatis voluptates commodi, officia neque mollitia exercitationem ab dolorem veritatis deserunt porro labore laudantium. Quos repellat, porro obcaecati numquam veritatis cum alias sit dolorum officiis earum tempore in vero odio maxime ipsum praesentium voluptate? Eveniet provident amet quidem vitae quisquam ducimus assumenda repellendus nisi molestias placeat, minus voluptatibus similique alias eos natus excepturi neque tenetur mollitia harum nobis consequatur distinctio? Facere cumque fuga nostrum, fugiat ratione quo consequatur a temporibus sed impedit voluptate cupiditate ipsam, expedita exercitationem odio qui nobis voluptas eos sapiente. Magnam!', '6'),
(147, 'aswiggs5c@marriott.com', '(252) 6302896', 32, 'Anet Swiggs', 'male', 'XLSTAT;CQS;HDRI;DCS', '02 Bay Pass', 'Lorem ipsum dolor sit amet consectetur adipisicing elit. Asperiores eaque harum qui numquam recusandae quia odit perspiciatis voluptates commodi, officia neque mollitia exercitationem ab dolorem veritatis deserunt porro labore laudantium. Quos repellat, porro obcaecati numquam veritatis cum alias sit dolorum officiis earum tempore in vero odio maxime ipsum praesentium voluptate? Eveniet provident amet quidem vitae quisquam ducimus assumenda repellendus nisi molestias placeat, minus voluptatibus similique alias eos natus excepturi neque tenetur mollitia harum nobis consequatur distinctio? Facere cumque fuga nostrum, fugiat ratione quo consequatur a temporibus sed impedit voluptate cupiditate ipsam, expedita exercitationem odio qui nobis voluptas eos sapiente. Magnam!', '6'),
(148, 'smctrustam5d@skyrock.com', '(439) 4838370', 39, 'Susanne McTrustam', 'female', 'XLSTAT;CQS', '75518 Clyde Gallagher Parkway', 'Lorem ipsum dolor sit amet consectetur adipisicing elit. Asperiores eaque harum qui numquam recusandae quia odit perspiciatis voluptates commodi, officia neque mollitia exercitationem ab dolorem veritatis deserunt porro labore laudantium. Quos repellat, porro obcaecati numquam veritatis cum alias sit dolorum officiis earum tempore in vero odio maxime ipsum praesentium voluptate? Eveniet provident amet quidem vitae quisquam ducimus assumenda repellendus nisi molestias placeat, minus voluptatibus similique alias eos natus excepturi neque tenetur mollitia harum nobis consequatur distinctio? Facere cumque fuga nostrum, fugiat ratione quo consequatur a temporibus sed impedit voluptate cupiditate ipsam, expedita exercitationem odio qui nobis voluptas eos sapiente. Magnam!', '1'),
(149, 'tcreaney5e@google.co.uk', '(321) 5518738', 33, 'Thorin Creaney', 'female', 'XLSTAT;CQS', '60501 Blaine Point', 'Lorem ipsum dolor sit amet consectetur adipisicing elit. Asperiores eaque harum qui numquam recusandae quia odit perspiciatis voluptates commodi, officia neque mollitia exercitationem ab dolorem veritatis deserunt porro labore laudantium. Quos repellat, porro obcaecati numquam veritatis cum alias sit dolorum officiis earum tempore in vero odio maxime ipsum praesentium voluptate? Eveniet provident amet quidem vitae quisquam ducimus assumenda repellendus nisi molestias placeat, minus voluptatibus similique alias eos natus excepturi neque tenetur mollitia harum nobis consequatur distinctio? Facere cumque fuga nostrum, fugiat ratione quo consequatur a temporibus sed impedit voluptate cupiditate ipsam, expedita exercitationem odio qui nobis voluptas eos sapiente. Magnam!', '5'),
(150, 'gpetranek5f@sina.com.cn', '(312) 9107301', 29, 'Griswold Petranek', 'male', 'XLSTAT', '32 Debs Trail', 'Lorem ipsum dolor sit amet consectetur adipisicing elit. Asperiores eaque harum qui numquam recusandae quia odit perspiciatis voluptates commodi, officia neque mollitia exercitationem ab dolorem veritatis deserunt porro labore laudantium. Quos repellat, porro obcaecati numquam veritatis cum alias sit dolorum officiis earum tempore in vero odio maxime ipsum praesentium voluptate? Eveniet provident amet quidem vitae quisquam ducimus assumenda repellendus nisi molestias placeat, minus voluptatibus similique alias eos natus excepturi neque tenetur mollitia harum nobis consequatur distinctio? Facere cumque fuga nostrum, fugiat ratione quo consequatur a temporibus sed impedit voluptate cupiditate ipsam, expedita exercitationem odio qui nobis voluptas eos sapiente. Magnam!', '5'),
(151, 'fmoylan5g@g.co', '(586) 9479612', 24, 'Filberte Moylan', 'female', 'XLSTAT;CQS;HDRI', '068 Dorton Terrace', 'Lorem ipsum dolor sit amet consectetur adipisicing elit. Asperiores eaque harum qui numquam recusandae quia odit perspiciatis voluptates commodi, officia neque mollitia exercitationem ab dolorem veritatis deserunt porro labore laudantium. Quos repellat, porro obcaecati numquam veritatis cum alias sit dolorum officiis earum tempore in vero odio maxime ipsum praesentium voluptate? Eveniet provident amet quidem vitae quisquam ducimus assumenda repellendus nisi molestias placeat, minus voluptatibus similique alias eos natus excepturi neque tenetur mollitia harum nobis consequatur distinctio? Facere cumque fuga nostrum, fugiat ratione quo consequatur a temporibus sed impedit voluptate cupiditate ipsam, expedita exercitationem odio qui nobis voluptas eos sapiente. Magnam!', '2'),
(152, 'nhopfner5h@rambler.ru', '(889) 8428363', 30, 'Nerte Hopfner', 'female', 'XLSTAT;CQS;HDRI;DCS', '2670 Lawn Terrace', 'Lorem ipsum dolor sit amet consectetur adipisicing elit. Asperiores eaque harum qui numquam recusandae quia odit perspiciatis voluptates commodi, officia neque mollitia exercitationem ab dolorem veritatis deserunt porro labore laudantium. Quos repellat, porro obcaecati numquam veritatis cum alias sit dolorum officiis earum tempore in vero odio maxime ipsum praesentium voluptate? Eveniet provident amet quidem vitae quisquam ducimus assumenda repellendus nisi molestias placeat, minus voluptatibus similique alias eos natus excepturi neque tenetur mollitia harum nobis consequatur distinctio? Facere cumque fuga nostrum, fugiat ratione quo consequatur a temporibus sed impedit voluptate cupiditate ipsam, expedita exercitationem odio qui nobis voluptas eos sapiente. Magnam!', '2'),
(153, 'kburnitt5i@sakura.ne.jp', '(207) 2344930', 40, 'Kordula Burnitt', 'female', 'XLSTAT', '75 Spohn Court', 'Lorem ipsum dolor sit amet consectetur adipisicing elit. Asperiores eaque harum qui numquam recusandae quia odit perspiciatis voluptates commodi, officia neque mollitia exercitationem ab dolorem veritatis deserunt porro labore laudantium. Quos repellat, porro obcaecati numquam veritatis cum alias sit dolorum officiis earum tempore in vero odio maxime ipsum praesentium voluptate? Eveniet provident amet quidem vitae quisquam ducimus assumenda repellendus nisi molestias placeat, minus voluptatibus similique alias eos natus excepturi neque tenetur mollitia harum nobis consequatur distinctio? Facere cumque fuga nostrum, fugiat ratione quo consequatur a temporibus sed impedit voluptate cupiditate ipsam, expedita exercitationem odio qui nobis voluptas eos sapiente. Magnam!', '2'),
(154, 'mplanke2r@tumblr.com', '(971) 1768055', 23, 'Moises Planke', 'female', 'XLSTAT;CQS', '7 Ronald Regan Hill', 'Lorem ipsum dolor sit amet consectetur adipisicing elit. Asperiores eaque harum qui numquam recusandae quia odit perspiciatis voluptates commodi, officia neque mollitia exercitationem ab dolorem veritatis deserunt porro labore laudantium. Quos repellat, porro obcaecati numquam veritatis cum alias sit dolorum officiis earum tempore in vero odio maxime ipsum praesentium voluptate? Eveniet provident amet quidem vitae quisquam ducimus assumenda repellendus nisi molestias placeat, minus voluptatibus similique alias eos natus excepturi neque tenetur mollitia harum nobis consequatur distinctio? Facere cumque fuga nostrum, fugiat ratione quo consequatur a temporibus sed impedit voluptate cupiditate ipsam, expedita exercitationem odio qui nobis voluptas eos sapiente. Magnam!', '5'),
(157, 'davinomoehdanino@gmail.com', '08232234562', 21, 'Davi Nomoeh Dani', 'male', 'Backend;Server', 'Pati, Jawa Tengah', 'Contoh ceritaku', '3;6;8'),
(158, 'susi@gmail.com', '082312433434', 20, 'Susi Arfiana', 'female', 'Public Speaking;English', 'Pati, Jawa Tengah', 'Contoh ceritaku', '1;2;3');



/*!40101 SET SQL_MODE=@OLD_SQL_MODE */;
/*!40014 SET FOREIGN_KEY_CHECKS=@OLD_FOREIGN_KEY_CHECKS */;
/*!40014 SET UNIQUE_CHECKS=@OLD_UNIQUE_CHECKS */;
/*!40101 SET CHARACTER_SET_CLIENT=@OLD_CHARACTER_SET_CLIENT */;
/*!40101 SET CHARACTER_SET_RESULTS=@OLD_CHARACTER_SET_RESULTS */;
/*!40101 SET COLLATION_CONNECTION=@OLD_COLLATION_CONNECTION */;
/*!40111 SET SQL_NOTES=@OLD_SQL_NOTES */;